Year,Cause,Title,Source,URL,Snippet
2018,Drowning,Fatal Drowning at Wasaga Beach A person has died after ...,Facebook · At the Scene Photography,https://www.facebook.com/atthescene/posts/fatal-drowning-at-wasaga-beacha-person-has-died-after-being-pulled-from-the-wate/1002937749213606/,JoHanna Hartnett which is a provincial park. If you read the post. It says first to administer life saving efforts was Ontario Parks staff.
2018,Drowning,Lifeguards at Ontario's provincial park beaches would save ...,CBC,https://www.cbc.ca/news/canada/sudbury/ontario-provincial-parks-lifeguards-1.6505724,"On Saturday, a 35-year-old man drowned in Chutes Provincial Park, west of Sudbury. In 2018, a 27-year-old man drowned at the same beach. Man ..."
2018,Drowning,"Man, teen girl drown in separate incidents over tragic ...",The Woodstock Sentinel Review,https://www.woodstocksentinelreview.com/news/local-news/man-57-identified-in-oxford-county-campground-drowning,"Andre Bourgeois, 57, drowned over the Canada Day weekend at an Oxford County campground. He was with his teenage son, Chase."
2018,Drowning,Harassed by park warden - Chutes Provincial Park ...,Tripadvisor,https://www.tripadvisor.ca/ShowUserReviews-g499273-d3257794-r606166272-Chutes_Provincial_Park-Massey_Northeastern_Ontario_Ontario.html,We stayed at Chutes Provincial Park for one night on July 20 and one night on July 31 as it was the closest Provincial campground to the ferry. We chose tent ...
2018,Drowning,Lake Ontario Drownings Archives - Lakeside Tribute,lakesidetribute.com,https://lakesidetribute.com/memorials/category/lake-ontario-drownings/,Story about the drowning: The police divers recovered the body of an unknown male from a submerged vehicle in Lake Ontario. The Ontario Provincial Police (OPP) ...
2018,Drowning,As National Drowning Prevention Week continues ...,Facebook · Ontario Provincial Police - Central Region,https://www.google.com/goto?url=CAESywEB6zswFc-7WQPjLubdrnnNgpvIEjhyJOo1B4a9pyNyQcU28RGZIr3dfGbP355Os8SiVNeRHitX0OBQnNtVLnFkjjZJ6VMAkcWp2rncHUsoExj0k6siL66zsxnXT4iLN2lcj8QUJmEmz0-nwgwvxLejJLcDa2-GwlEDcxoUFArskOZLBGVXlvWhsDUhXJLjyTDmAsskEOyV6KQSGdAR0yltRrGCZk7T2NSF8tVZC1u_6jw0ui6acwAKli5Xp9iIk1surdWZKIVNZarw4w,"In 2018, 22 of the 24 drowning fatalities in OPP patrolled waters were not wearing a lifejacket. OPP Marine officers wish to thank Broker Link ..."
2018,Drowning,Ontario FD enroute to a drowning of a 10 year old male at ...,Facebook · Procinto Reporting Venue,https://www.facebook.com/groups/Procinto/posts/1259476464117849/,"fsp_sid=29452 (in English and French) Excerpt: OPP investigates drowning of a three-year-old child in Sandbanks Provincial Park, Prince Edward ..."
2018,Drowning,Regina area man drowned at Buffalo Pound Provincial Park,CTV News,https://www.ctvnews.ca/regina/article/regina-area-man-drowned-at-buffalo-pound-provincial-park/,"A 35-year-old man from the Regina area drowned in Buffalo Pound Provincial Park around 7:30 p.m. on Saturday, according to police."
2018,Drowning,Incredible (and Useful) Facts About Ontario's Provincial Parks,Northern Ontario Travel,https://northernontario.travel/about/incredible-and-useful-facts-about-ontarios-provincial-parks,Ontario Parks provide barrier-free camping. Barrier-free campsites are available at over 70 provincial parks across Ontario. This means they have features like ...
2018,Drowning,Judge finds Toronto teacher not guilty in teen student's ...,Reddit · r/toronto,https://www.reddit.com/r/toronto/comments/q2mdfc/judge_finds_toronto_teacher_not_guilty_in_teen/,There was a lifeguard on the trip and they were apparently supervising the kids when he drowned. ... campsite with a extremely deep drop off ...
2018,Drowning,Police Probe Suspected Child Drowning For the second time in ...,Facebook · Our News Bahamas,https://www.google.com/goto?url=CAESxQEB6zswFRlXw38p3PCrGNEwQmpp8X0la1MQUnNmwELxrBAz3ESeQlyp5_ioUvq-SBrHcEYjUp65gZGvT3WaFC1nBdGJ6h2KwjXyCBsjd1jQjgA9vc36GemICLZnOytILdBidf3iep5PSUfs5PKQPTZKxsieJK8EYlGZgRbT_9ZAvG-quRtrg5BAOCj-a7-tGbc9x1s4MnOgY170WCMB9l6Hz4wvHZwBJeFkQ9A7rSjN_n4GcLFgB7xWCy5TTKMSHKs2ZEsjGg,Toddler drowns at Sandbanks Provincial Park in Ontario. Calvin ... CITY OF KAWARTHA LAKES DROWNING Members of Kawartha Lakes OPP are investigating ...
2018,Drowning,An environmental scan of fatalities involving Canadian ...,ResearchGate,https://www.researchgate.net/publication/370124549_An_environmental_scan_of_fatalities_involving_Canadian_minors_engaged_in_outdoor_learning_activities,There were 37 fatal incidents involving 78 youth and 6 adult fatalities related to school and youth groups engaged in outdoor learning ...
2018,Drowning,Drowning in Leamington,Windsor Star · windsorstar.com,https://www.google.com/goto?url=CAESkQEB6zswFSZOk5JKbfKgpLd_nH1t2Zf-eCCjkkpd-oAEs8G2Yt4sjg41fMLclsSLh87GrYWSDpLD0HeDUhg0ahxa-rp7hLYLmvHj7qAjnmeiCHFuC5ESHkXt_KBczMxkyegesXzcdE8mYRzx-yMNiRtzG7TIzE55w8FKM7WEj0VrSgafa46EDB3VxzBU_kNGZtzw,"Drowning in Leamington. March 22, 2018 0:25. OPP Const. Jim Root talks about a drowning at the Happy Snapper Marina. Advertisement. More after ..."
2018,Drowning,Man drowned in Puslinch camp ground: OPP,Guelph News,https://www.guelphtoday.com/local-news/man-drowned-in-puslinch-camp-ground-opp-1034022,"TOWNSHIP OF PUSLINCH - On Sept. 1, 2018 at approximately 5 p.m., Wellington County Ontario Provincial Police (OPP) responded to a report of a possible drowning ..."
2018,Drowning,Voyageur Provincial Park Management Plan,Ontario.ca,http://www.ontario.ca/page/voyageur-provincial-park-management-plan,"This document provides policy direction for the protection, development and management of Voyageur Provincial Park and its resources."
2018,Drowning,Blog Posts,The Provincial Parkers,https://www.provincialparkers.com/blog/previous/10,I recognized this bug from a previous camping trip to Arrowhead Park in 2018 with my brother and my sister-in-law. ... The Ontario parks have ...
2018,Drowning,"Happy birthday, Tom Thomson. You've inspired generations.",Instagram · abrandart,https://www.google.com/goto?url=CAESYwHrOzAV90lFQlWaHQ2MsBs_JgMRlpA_BUh14AvUknn_WFwfWc4J-w1Krio-iqyXD50UcU57CLJVSlSWTz94XvZ4isUsDFlA1BVHNlCEsFMbx-CNANNuc6ilWFphHQYS7Rj-Eg,"Happy birthday, Tom Thomson. You've inspired generations. — Algonquin provincial park, Ontario, Canada, en plein air, backcountry canoe camping, ..."
2018,Drowning,Jamaican boy on vacation drowns at Sandbanks,Global News,https://www.google.com/goto?url=CAESiAEB6zswFQ-ND_LRk3mZ9Y47BkwWRWjBplxOjK6ubK_6ZLeHHVvqOg7oquLyO5Ghdz-mJaIzY6b0V_cOE_hKgszdzkjKamc5QCs28cEkqfYap1KLug_rx_C6WMAiC7xI6-HJ58PV-iI5efGSn1kI94RuMh8ufex4CqsZoNNXsBrnE2KmBUsdgzuo,7-year-old Javon black was visiting family in Canada for the first time with his mother and sister on Saturday.
2018,Drowning,'Just 10 minutes and they are gone:' grieving father ...,CityNews Ottawa,https://ottawa.citynews.ca/2018/06/27/the-resort-pool-where-mother-and-five-year-old-daughter-died-is-unsupervised/,"Provincial police said the two victims were transported to an area hospital Tuesday evening, where they were pronounced dead. OPP Const. Martin ..."
2018,Drowning,Body pulled from lake after incident at Pinery Provincial Park,CityNews Kitchener,https://kitchener.citynews.ca/2026/06/08/body-found-at-pinery-provincial-park-after-victoria-day-water-emergency/,"On Victoria Day, OPP were called to the popular provincial park, to reports of a group of people in distress on a raft."
2018,Drowning,la #OPP aussi. N'oubliez pas : l'eau n'offre pas de seconde ...,Instagram · opp_west,https://www.google.com/goto?url=CAESYwHrOzAV5kK1yWXiDomxPpBXYGhaIWS1leJv5G50O7Dnj97mQaeD_mQcId9wRIhG4lY0Ae2b1EiHoUF1NfR9of9rjIW5DgBowY0fE4BNtdEzOc4CB6lkcDjLbEK-mobtUuvIrw,"OPP Marine officers patrol waterways across Ontario, helping ensure everyone's safety. During National Drowning Prevention Week, we're ..."
2018,Drowning,Child drowns at Sandbanks Provincial Park,CP24,https://www.cp24.com/news/canada/2025/07/25/child-drowns-at-sandbanks-provincial-park/,Ontario Provincial Police are investigating the drowning of a three-year-old child at Sandbanks Provincial Park.
2018,Drowning,Man drowns at Silver Lake Provincial Park,Ottawa Citizen,https://ottawacitizen.com/news/man-drowns-silver-lake,Anyone with information about the case was asked to contact the OPP toll-free at 1-888-310-1122. Article content. Silver Lake Provincial Park is ...
2018,Drowning,'He was never sad': Family mourns loss of 5-year-old child after ...,KSWO 7News,https://www.kswo.com/2026/07/18/he-was-never-sad-family-mourns-loss-5-year-old-child-after-campground-drowning/,A Missouri family is mourning the loss of a 5-year-old child after he drowned at an area campground pool.
2018,Drowning,Two men dead in separate weekend drownings in Ontario,CHAT News Today,https://chatnewstoday.ca/2018/07/03/two-men-dead-in-separate-weekend-drownings-in-ontario/,"On Monday afternoon, a man was found unresponsive in the water at a campground in the Township of East Zorra-Tavistock north of Woodstock, Ont."
2018,Drowning,Presumed drowning at Cypress Provincial Park,Global News,https://www.google.com/goto?url=CAESiQEB6zswFdytUotggKMTPpCsYeAWd2uczhUKfApu4KG2mJ9BlNtYp-7B_nlOhoTgcRq5vasPca_stGVRYV0eFvWPjPLLSTuJonOQI6ZLnabFal0ScyE8qjRWj0u_dBZUlCZ8RnY9qDsd1chlK14NB_m8YdI16c95eASWqihUov1KhBDCnDn2JEjHsw,A 29-year-old man from Burnaby is presumed to have drowned in Cypress Provincial Park on Sunday. West Vancouver police say the man was ...
2018,Drowning,Teen drowns after canoe capsizes on Cross Lake south of ...,kawarthaNOW,https://kawarthanow.com/2026/07/21/teen-drowns-after-canoe-capsizes-on-cross-lake-south-of-algonquin-park/,"Bancroft OPP have identified the victim as a 17-year-old boy from Mariposa Township in Kawartha Lakes, but have not released his name. A ..."
2018,Bear Attack,Aggressive black bear attack on campers at Fool's Creek,Facebook · Beauty of the Bighorns,https://www.facebook.com/groups/1008818222612478/posts/3511657662328509/,Two women survive terrifying black bear attack on their tents while camping. Two experienced campers escaped unharmed after a black bear ...
2018,Bear Attack,You're camping in bear country... which means ...,Facebook · Blue Lake Provincial Park,https://www.google.com/goto?url=CAESxgEB6zswFQYJzfd6VlOjjsU85gMKrPH5IgmNpTHSmnRlCTxO3kMWbFUSi-JggSFp6SIDcfI342nnMgOH_UWDtuT8EcqRzoH5YpLCxtAXx0QM9QV6lzqM31BOhM2QUjR48RFbIo6LzZwxJcLD5kVoaBPlj-C42VpjDmjHDP7tbEalJ8KlmrxmYiTKHZ20jBEYwg1iCNKPSnrafgxq2d1a_GklGmPXCQTziwV3naY5OHz8vB9hQEwW2ST-bZxd6XNhW75A6t9wpT0,#BlueLakePP #OntarioParksNW #ontarioparks #BlueLakePP Ontario Parks Ontario Parks NW #BearWise #BlackBears #Safety #Camping #bears ... BEAR ATTACK ...
2018,Bear Attack,Province of Manitoba | News Releases,Province of Manitoba,https://news.gov.mb.ca/news/index.html?item\u003d44470,Province Issues Reminder to be Careful when Back-country Camping Following Bear Attack in Whiteshell Provincial Park ... campsite on South Cross ...
2018,Bear Attack,Charged by a black bear at Lake of Two Rivers in ...,Tripadvisor,https://www.tripadvisor.com/ShowTopic-g319818-i11041-k13341232-o10-Charged_by_a_black_bear_at_Lake_of_Two_Rivers_in_Algonquin_P-Algonquin_Provincial_Par.html,"By the way, you're lucky that you've managed to get a Mew Lake campsite, I've checked the Ontario Parks reservation site and literally 100% of ..."
2018,Bear Attack,You're camping in bear country... which means ...,Instagram · bluelakepp,https://www.google.com/goto?url=CAESYwHrOzAVW9HIiUcVg-8HoyXkh_7mj-ImKBRj8XETSIpbxkbI8mFzQoqAIgWick4dXw9YUFVJ4ahlyN9Dlvp-qia7KBIUbk-KLpkupAtMvcCBXEPHZrESHj-tFJQ2J-hzp2xNhw,"Studies show that when used properly, bear spray has a 90%-98% success rate in stopping a bear attack. ... campground did that, not just on ..."
2018,Bear Attack,One injured after bear attack,Northwest Ontario News,https://www.nwonewswatch.com/local-news/one-injured-after-bear-attack-9072570,One individual has been sent to hospital for non-life-threatening injuries following a bear attack in Wabakimi Provincial Park.
2018,Bear Attack,View topic - Bear attack in Missinaibi PP,Canadian Canoe Routes,http://www.myccr.com/phpBB3_PROD/viewtopic.php?p\u003d137212,"The couple were on a two-week holiday, camping and kayaking at a remote campsite when a black bear hunting for food attacked, OPP Const. Karen ..."
2018,Bear Attack,"Killarney Provincial Park – Ontario, Canada – WAY NORTH",waynorthblog.com,https://waynorthblog.com/2015/07/21/killarney-provincial-park-ontario-canada/,"Although there has never been a fatal bear attack in Killarney Provincial Park, this is unfortunately not true of all Ontario parks. The ..."
2018,Bear Attack,Fatal polar bear attack on campsite,polarjournal.net,https://polarjournal.net/fatal-polar-bear-attack-on-campsite/,Fatal polar bear attack on campsite ... UPDATE: The Sysselmanns have stated that the polar bear responsible for the death of Johan Jacobus Kotte ...
2018,Bear Attack,"60-year-old man killed in suspected bear attack, authorities say",13wham.com,https://13wham.com/news/nation-world/highly-unusual-case-60-year-old-man-killed-in-suspected-bear-attack-authorities-say-missouri-arkansas-animals-predators-carnivore-attack-newton-county-sheriffs-office-sams-throne-campground-autopsy-crime-lab-evidence-investigation-drag-marks-struggle,The campsite had been disturbed and there was evidence of a struggle and injury. There were also drag marks leading from the campground into the ...
2018,Bear Attack,"Woman dead, man injured in bear attack in Canada",Orlando Sentinel,https://www.orlandosentinel.com/2005/09/08/woman-dead-man-injured-in-bear-attack-in-canada/,"Dr. Jacqueline Perry, 30, from Cambridge, Ontario, and Marc Jordan, 30, were attacked at a remote campsite in Missinaibi Lake Provincial Park, ..."
2018,Bear Attack,"Girl, 8, attacked by bear at Whiteshell Provincial Park",CBC,https://www.cbc.ca/news/canada/manitoba/bear-attack-eight-year-old-whiteshell-1.4758608,"An eight-year-old girl had her face scratched by a black bear at a remote campsite in Whiteshell Provincial Park, the province says."
2018,Bear Attack,Backcountry (2014),IMDb,https://www.imdb.com/title/tt2944198/,"Based on the true story of Jacqueline Perry and Mark Jordan, who in 2005 were attacked by a bear at a campsite in Missinaibi Lake provincial park about 80 ..."
2018,Bear Attack,The couple killed by a bear in Banff were able to send an ...,Iowa Public Radio,https://www.iowapublicradio.org/news-from-npr/2023-10-06/the-couple-killed-by-a-bear-in-banff-were-able-to-send-an-sos-text-bear-attack-bad,"... Bear attack bad'. NPR | By Bill Chappell. Published ... Doug Inglis sits with his dog, Tris, in a 2018 trek in Quetico Provincial Park."
2018,Bear Attack,Dog risks life to save owner in bear attack,CTV News,https://www.ctvnews.ca/northern-ontario/article/dog-risks-life-to-save-owner-in-bear-attack/,Dog risks life to save owner in bear attack. By. CTV Northern Ontario ... OPP investigating fatal ATV crash near Markstay-Warren ...
2018,Bear Attack,Bear Attack Statistics of North America,BatchGeo,https://blog.batchgeo.com/bear-attack-statistics/,"There are several additional bear attack hotspots in Alaska and also in the Algonquin Provincial Park in Ontario, Canada. Ultimately, fatal bear attack ..."
2018,Bear Attack,Staying Safe While Overlanding in Bear Country,Expedition Overland,https://www.xoverland.com/overlanding-blog/staying-safe-while-overlanding-in-bear-country/,"Research shows that, ironically, bears are more likely to frequent an established campsite than a remote, more primitive site. ... bear attack!"
2018,Bear Attack,Bear attack in Peter Lougheed Provincial Park prompts ...,Toronto Star,https://www.thestar.com/news/canada/bear-attack-in-peter-lougheed-provincial-park-prompts-area-closure/article_aec29003-9580-5be9-86ed-5d3f63c98af0.html,Bear attack in Peter Lougheed Provincial Park prompts area closure. A Calgary woman and her adult son were seriously injured in Kananaski ...
2018,Bear Attack,2023 | English Resources,University of Delaware,https://sites.udel.edu/english/arak-journal/arak-journal-2023/entry/172/,"Camper Harry Walker, who was residing in an illegal camping space on June 25, 1972, was mauled after having left food and waste outside of his site; this attack ..."
2018,Bear Attack,Bear advisory ended at Douglas Provincial Park,Global News,https://globalnews.ca/news/4306272/bear-advisory-douglas-provincial-park-sask-alert/,Bear advisory ended at Douglas Provincial Park. By David Giles ... bear attack at Saskatchewan lake. People were asked to keep their ...
2018,Bear Attack,Into the wild and back again | Queen's Alumni Review,Queen's University,https://www.queensu.ca/alumnireview/articles/2025-08-06/into-the-wild-and-back-again,On the cover was a story about a black bear that had killed a couple camping on an island in Ontario's Algonquin Park. Ms. Cameron can still ...
2018,Bear Attack,Armstrong: Bear Attack in Wabakimi Provincial Park Sends ...,NetNewsLedger,https://www.netnewsledger.com/2024/06/12/armstrong-bear-attack-in-wabakimi-provincial-park-sends-one-to-hospital/,Armstrong: Bear Attack in Wabakimi Provincial Park Sends One to Hospital · Roams around or checks garbage cans · Breaks into a shed where garbage ...
2018,Bear Attack,"Quebec premier swearing in, Ontario jails, B.C. bear attack",thecanadianpressnews.ca,https://www.thecanadianpressnews.ca/national/in-the-news-today-quebec-premier-swearing-in-ontario-jails-b-c-bear-attack/article_aa94a5dc-1b0f-5ca6-b3cb-958c507d6665.html,"In the news today: Quebec premier swearing in, Ontario jails, B.C. bear attack. A look at what's in the news for today. Apr 15, 2026; Apr 15, ..."
2018,Bear Attack,peter franczak bear attack — Mysterious Stories Blog,StrangeOutdoors.com,https://www.strangeoutdoors.com/mysterious-stories-blog/tag/peter+franczak+bear+attack,Pfeiffer's companion was returning from their campsite to the site of the moose kill to get another load of meat when he encountered the bear and was charged.
2018,Bear Attack,Colorado Parks and Wildlife seach for bear after attack in ...,The Denver Post,https://www.denverpost.com/2018/06/06/bear-attack-red-feather-lakes/,"... bear attack Tuesday night. Ty Peterburg, area wildlife manager, said the attack involved a family of four who were in a tent in a camping ... 2018 ..."
2018,Bear Attack,Best of 2018: Woman survives bear attack on Old Goulais ...,SooToday.com,https://www.sootoday.com/local-news/best-of-2018-woman-survives-bear-attack-on-old-goulais-bay-road-1172048,Best of 2018: Woman survives bear attack on Old Goulais Bay Road.
2018,Falling Tree,Storm rolling in camping at Ocean Lake this last weekend,Facebook,https://www.facebook.com/groups/704889582866623/permalink/2021112887910946/,"Last night's storm tore through our campsite at Silver Lake Provincial Park (Maberly, ON). A tree crushed our neighbour's tent (with them inside) — thankfully, ..."
2018,Falling Tree,"Adirondack guide, retired teacher dies after tree falls on her ...",NewYorkUpstate.com,https://www.newyorkupstate.com/outdoors/2018/05/adirondack_guide_retired_teacher_dies_after_tree_falls_on_her_during_wind_storm.html,A well-known Adirondack guide and retired educator died from injuries she received when a tree fell on her while camping in the Pharoah Lakes ...
2018,Falling Tree,"During Wednesday's windstorm, a tree fell in the Fernan ...",Facebook · KREM 2 News,https://www.google.com/goto?url=CAESwAEB6zswFa5pRw4K2tLA7_T8TMlZfdPoHcuJDefc3SjlN1pg69hFZ5bEyAQ1irRZTAi-I0qXSC5ri3W3Gr7bw4IN4L_I-tHnpYo4evToG36iFBW2EQhqM5fL742wkrSYm7CKOb5Qtme7kkMrdZ0IioHM37i63KQW8GdivDC5N3_Nid2w9SgKJFbZtX-mDnEn4il4hkWyFwvgHYDnJQzh51gWKdMQhJkcyRvQon4KEXuqQzEEYk9PyPehA34h4ZofUG4,"... camping trip. Melville McIntyre, 60, was staying at Mantago Bay RV Park and Campground on July 3, when a large tree — sheared in half by ..."
2018,Falling Tree,Boy who lost leg during camping trip gets massive settlement,KRON4,https://www.kron4.com/news/boy-who-lost-leg-during-camping-trip-gets-millions-in-settlement/,"Zachary Rowe was a 12-year-old camping with his family in San Mateo County Memorial Park in 2012, when a rotten 72-foot-tall tanoak tree fell ..."
2018,Falling Tree,Devastating news out of Camp Widjiwagan in Antioch. A 15- ...,Facebook · Megan Scarano,https://www.google.com/goto?url=CAESxQEB6zswFZIHgJRwnE3E-SRN0BwdLhmRHQXzji2hNml8BqKNT5SVd4XhJM0D6jVqg7eTV9t57QKmLF_xAv8kxDfqkLrGCYgkDAe7X2qLlfxW9y2AWITCg63rlhpe2ncjYXWY-uUi34M3WGmJvignFEnYLe7AxBJGZtGdSwc_UaM0uwI7YFjrPLGQfRgI0K6viHl0xr2puVBB-JRN1SUmmHpb5OKWiskiM4u_NTAK5sifVrqnK1xNho8K78iJjO5rbnX2twgvhQ,Ottawa man camping with child dies after tree falls on tent at Mallorytown campsite 10-year-old suffered serious but non-life-threatening ...
2018,Falling Tree,A tree fell on my Ram,Cummins Diesel Forum,https://www.cumminsforum.com/threads/a-tree-fell-on-my-ram.1523978/,A tree fell on my Ram ... We had a tree fall on my truck while we were camping last weekend. The body shop says the frame is not bent and it just ...
2018,Falling Tree,Campers avert tragedy at Mew Lake Campground,Boardhost,https://algonquinadventures.boardhost.com/viewtopic.php?id\u003d2244,"The tree fell down, dragging a smaller neighbouring tree with it. When the two trees landed with a crash, we called over to the site to see if ..."
2018,Falling Tree,Ontario / Derecho : r/CampingandHiking,Reddit · r/CampingandHiking,https://www.reddit.com/r/CampingandHiking/comments/uwpqc6/ontario_derecho/,"Was also camping during that storm in Ontario!! ... The thunderstorm was scary, the tree fell on your tent, you were lucky and didn't get hurt."
2018,Falling Tree,JELLYSTONE NIAGARA CAMP RESORT,Tripadvisor,https://www.tripadvisor.com/Hotel_Review-g154998-d1519607-Reviews-or30-Jellystone_Niagara_Camp_Resort-Niagara_Falls_Ontario.html,... Ontario Canada offers fun and affordable camping for the whole family! ... and later that week a tree fell in another site. 5. There is a train track ...
2018,Falling Tree,"Adirondack guide, retired teacher dies after tree falls on her ...",Syracuse.com,https://www.syracuse.com/outdoors/2018/05/adirondack_guide_retired_teacher_dies_after_tree_falls_on_her_during_wind_storm.html,A well-known Adirondack guide and retired educator died from injuries she received when a tree fell on her while camping in the Pharoah Lakes ...
2018,Falling Tree,Fatalities reported after damaging derecho slams southern ...,The Weather Network,https://www.theweathernetwork.com/en/news/weather/severe/photos-destructive-storms-in-ontario-down-trees-debris-breaks-windows,OPP West Region stated on Twitter that one person has died and two others were injured after a tree fell on a camping trailer at Pinehurst Lake ...
2018,Falling Tree,Nepean man killed when tree falls on tent in Gatineau Park ...,Ottawa Citizen,https://ottawacitizen.com/news/local-news/nepean-man-killed-when-tree-falls-on-tent-in-gatineau-park-campground,A 39-year-old man from Nepean was killed when a tree fell on the tent he was in at a National Capital Commission campground in Gatineau Park ...
2018,Falling Tree,Broken leg and stranded. 55-year-old female extracted from ...,Facebook · Ontario Provincial Police,https://www.google.com/goto?url=CAES0wEB6zswFSPBEyDj3vpXagWC04Otux6OkTp7EyZIrQWU0bQbp4kNrxjdWqL961PJ-qZFLbH7f-JDPPjeBuEaxth65IwI59gzv6OpNV9m9y7jNg_myb4dmCWP6tnCybAzjdfrSOfH9p87zEbwQLjm0DAYWmlu_4uSjoP3h4Op4MQL4z5vcq7RoyuOeeJENj4yeWBrmuWyCFeI_B1WhBlVr8jBJfb9xt01hL3irdKfP4tjX5gCF_LSG3p_V8SR-YhVtMFSFLE800ctWcdhFUQg7mh8VkRr,... tree fell on his tent during Saturday night's fierce storms in Algonquin Provincial Park. Thanks to his quick-thinking mom who activated an ...
2018,Falling Tree,News Archives | Page 9 of 14,Quetico Superior Foundation,https://queticosuperior.org/category/hot-topics/news/page/9/,"A high school teacher who was the brother of a Minnesota Congressman died when a tree fell on him. ... Provincial Park, Voyageurs National Park, La ..."
2018,Falling Tree,A tree fell on my camper. - Forest River Forums,forestriverforums.com,https://www.forestriverforums.com/threads/a-tree-fell-on-my-camper.362212/,"A tree fell on my camper. Thread starter WeLikeCamping; Start date ... Hope you'll be back to camping soon! Aug 4, 2022 · #11 · 20 · 2005gts ..."
2018,Falling Tree,"Tree falls onto Modesto family's tent, killing 13-year-old boy",FOX40,https://fox40.com/news/local-news/tree-falls-onto-modesto-familys-tent-killing-13-year-old-boy/,"(KTXL) — A Modesto family's camping trip ended in tragedy when a tree fell on their tent, killing their 13-year-old son. ... Campground in Yuba ..."
2018,Falling Tree,"High winds in southern Ontario area leave 2 dead, and ...",CBC,https://www.cbc.ca/news/canada/toronto/friday-weather-strong-winds-1.4648032,"Police said a tree fell on two men. One was pronounced dead at the ... OPP says. 2. Ford's Texas trip to talk trade, tariffs cost ..."
2018,Falling Tree,"The Latest: Texas teen, woman killed when storm hits camp",Santa Cruz Sentinel,https://www.santacruzsentinel.com/2016/07/21/the-latest-texas-teen-woman-killed-when-storm-hits-camp/,Authorities say the group was camping on Basswood Lake in Quetico Provincial Park in Canada when strong winds blew through early Thursday. The Boy Scouts say ...
2018,Falling Tree,Waterspout becomes Tornado in Selkirk On.,Ontario Fishing Community,https://ontariofishingcommunity.com/topic/86416-waterspout-becomes-tornado-in-selkirk-on/,At the creek the OPP were there with the road blocked. ... I am told 1 lady was taken by ambulance when a tree fell on the car she was in.
2018,Falling Tree,"TOP 10 BEST Campgrounds in Plympton-Wyoming, ON",Yelp,https://www.yelp.ca/search?find_desc\u003dCampgrounds\u0026find_loc\u003dPlympton-Wyoming%2C+ON,"I would like to recognize Kyle, the new campground manager, for his outstanding response when a tree fell on our camper. As soon as the incident occurred ..."
2018,Falling Tree,Boy Scout killed at Bert Adams camp in Georgia after tree ...,The Washington Post,https://www.washingtonpost.com/news/morning-mix/wp/2018/06/26/boy-scout-seeking-shelter-from-storm-killed-by-falling-tree-at-camp-in-georgia/,... tree fell on Calif. wedding party. “I can't even imagine what the ... Bert Adams Boy Scout Camp bills itself as a “modern camping ...
2018,Falling Tree,Toddler Fatally Crushed By Falling Tree in Family Home ...,Newsweek,https://www.newsweek.com/toddler-fatally-crushed-falling-tree-family-home-backyard-1796454,"Last year, a 7-year-old girl was killed when a tree fell on her family's tent while she was camping with her family at the Great Smoky Mountains ..."
2018,Falling Tree,Running the Ottawa Valley - SunCruiser Media,suncruisermedia.com,https://suncruisermedia.com/4WDrive/places/running-the-ottawa-valley/,"For starters, a tree fell across a portion of the trail we were ... Bonnechere Provincial Park, ON 2018 Ram 1500 Eastern Ontario KO2 ..."
2018,Falling Tree,"'God saved my child,' see photos of tree that crashed ...",FOX8 WGHP,https://myfox8.com/news/north-carolina/piedmont-triad/god-saved-my-child-see-photos-of-tree-that-crashed-through-greensboro-home-neighborhood-coming-together-to-help/,In 2018 a tree fell and killed 30-year-old Erin Beebe who lived a few doors down in the neighborhood. Add as preferred source on Google.
2018,Falling Tree,Tree fell on Airstream...Irma - Air Forums,airforums.com,https://www.airforums.com/threads/tree-fell-on-airstream-irma.1366220/,"Tree fell on Airstream...Irma. Thread starter Lothlorian; Start date ... Ruby's Inn RV Park and Campground · Bryce Canyon, Utah. 4.50 star(s)."
2019,Drowning,Man drowns while swimming at Orrville campground⬇️,Facebook · Cleveland 19 News,https://www.facebook.com/Cleveland19News/posts/man-drowns-while-swimming-at-orrville-campground%EF%B8%8F/1545752200251846/,... campground The man drowned while swimming at the Sparrow Pond Family Campground. ... Ontario Provincial Police (OPP) located a deceased ...
2019,Drowning,The recent drownings of a 4 year child and 32 year old male ...,Facebook · Ontario Provincial Police - West Region,https://www.google.com/goto?url=CAESwgEB6zswFe0cCvNOTfZeJR0y6fg8qq4013n54OAOtRAUjRc6GH4Zp3laucGYFGIi2st4r8I-aLOeNqD-RUtFtCp84wFdDfOnS4uHLAHZLJFCfnUoPRTJhQgZpdmuAoS7YTeabjwc77HrlPNLv36gxa7_-_hA_mxzUoYNteN9qQGgbOKiYxBuDtQjHTptLaTN8EIyp42X-zGoxIUxx1ePCHKJn9gEPpJj0v6PFFulk6Bl_xcvxvl9dR7axjJdoGl3CI3L-Q,The recent drownings of a 4 year child and 32 year old male have the #OPP concerned that people are not wearing life jackets.
2019,Drowning,Recent drowning deaths prompt officials to talk about water ...,CBC,https://www.cbc.ca/news/canada/toronto/drowning-deaths-water-safety-statistics-ontario-greater-toronto-area-1.5212653,"OPP probing weekend drownings · Last Wednesday, a woman, 79, and her grand-daughter, 4, were found face down in a pool at an Oakville, Ont. home."
2019,Drowning,Caliper Lake Provincial Park - Nestor Falls Campgrounds,Tripadvisor,https://www.tripadvisor.com/Hotel_Review-g1756538-d8588401-Reviews-Caliper_Lake_Provincial_Park-Nestor_Falls_Kenora_District_Ontario.html,Sixth Ontario Provincial Park in six nights and unfortunately my least favourite. This was the only park so far that had little bits of garbage left on the site ...
2019,Drowning,A man was pronounced dead after falling into a lake at ...,Facebook · NorthJersey.com,https://www.facebook.com/northjerseycom/posts/a-man-was-pronounced-dead-after-falling-into-a-lake-at-darlington-county-park-of/1788318359997833/,"OPP say the identity of a 46 year old male is not being released at this time, due to his family not being in Canada and is not aware of the ..."
2019,Drowning,Child Identified in Rushing River Provincial Park Drowning,Wawa-news.com,https://wawa-news.com/index.php/2017/05/24/child-identified-in-rushing-river-provincial-park-drowning/,Child Identified in Rushing River Provincial Park Drowning ... Members of the Kenora Detachment of the Ontario Provincial Police (OPP) are ...
2019,Drowning,Lake Ontario Drownings Archives - Lakeside Tribute,lakesidetribute.com,https://lakesidetribute.com/memorials/category/lake-ontario-drownings/,Story about the drowning: The police divers recovered the body of an unknown male from a submerged vehicle in Lake Ontario. The Ontario Provincial Police (OPP) ...
2019,Drowning,A cautionary tale about mother nature. Kings Canyon NP,Reddit · r/camping,https://www.reddit.com/r/camping/comments/1tqbkyb/a_cautionary_tale_about_mother_nature_kings/,More people drowned in Lake Ontario than on the gulf coast. Because ... r/camping - Camping experience at Mt. Baker-Snoqualmie National ...
2019,Drowning,Drowned Swimmer's Body Found at Grotto; Man Pulled ...,Bruce Peninsula Press,https://brucepeninsulapress.com/2019/07/10/drowned-swimmers-body-found-at-grotto-man-pulled-from-water-at-southampton-pronounced-deceased/,"On July 7, 2019 at 3:05 p.m. OPP divers from the USRU located and recovered the body of the 24 year old missing male from Vaughn, Ontario in ..."
2019,Drowning,"Drownings, down so far in 2019, set to rise after wet ...",London Free Press,https://lfpress.com/news/local-news/woman-28-dead-after-being-pulled-from-london-backyard-pool,"On Sunday, OPP divers at the Bruce Peninsula National Park, near Tobermory, recovered the body of a man, 24, who went missing Saturday afternoon ..."
2019,Drowning,Ontario man drowns after helping save child who fell in water,YouTube · CTV News,https://www.google.com/goto?url=CAESYwHrOzAVYllK0KRv35bq5EwarhQipQxeKcpPn3HfWNXjz6NHIShxE56G46DrmT05p_Lp3J_-8tJedGSxNIOeoaRUwd8zqaAXZynDlBLxVlzVkaZ1ZzV143NHig1p8LqvFRIwIA,From CTV Kitchener's Ricardo Veneza: A missing man was found dead in Conestogo Lake over the weekend. Subscribe to CTV News to watch more ...
2019,Drowning,OPP release name of deceased man in Peninsula Lake,MuskokaRegion.com,https://www.muskokaregion.com/news/opp-release-name-of-deceased-man-in-peninsula-lake/article_ef9addc9-edaf-5d83-8ac4-43b395925a79.html,OPP release name of deceased man in Peninsula Lake. By Huntsville Forester ...
2019,Drowning,Toronto man dead after drowning in Lake Ontario east of city,Sudbury News,https://www.sudbury.com/ontario-news/toronto-man-dead-after-drowning-in-lake-ontario-east-of-city-police-7403976,Police say a 25-year-old man is dead after he drowned in Lake Ontario over the weekend. Provincial police say they got a call for a person ...
2019,Drowning,OPP investigating man's drowning death on Lake Muskoka,Barrie 360,https://barrie360.com/opp-investigate-drowning-lake-muskoka/,"Police say the man, a 63-year-old from Markham, was later recovered by the OPP Underwater Search and Recovery Unit and pronounced dead at the ..."
2019,Drowning,"Family 'devastated' after boy, 12, drowns near Penetang park",Barrie News,https://www.barrietoday.com/police-beat/family-devastated-after-boy-12-drowns-near-penetang-park-9526669,"The ongoing shoreline and water-based search continued into the evening and at about 7:15 p.m., members of the OPP's underwater search and ..."
2019,Drowning,Important Lessons regarding the Tragedy in our park ...,Reddit · r/algonquinpark,https://www.reddit.com/r/algonquinpark/comments/jb0m82/important_lessons_regarding_the_tragedy_in_our/,... Ontario parks officials and could do so online instead. Having ... Our group ended up finding an island campsite nearby that was not ...
2019,Drowning,West Nipissing OPP investigating drowning in Restoule River,Almaguin News,https://www.northbaynipissing.com/news/west-nipissing-opp-investigating-drowning-in-restoule-river/article_e6164eff-3269-55a0-9fe7-1996f1eced25.html?,WEST NIPISSING - Nipissing West OPP are investigating a drowning in the Restoule River. Police were called to Dokis First Nation at ...
2019,Drowning,North York man drowns in Muskoka River: OPP,Global News,https://globalnews.ca/news/5667957/north-york-man-drowns-muskoka-river/,"A 20-year-old man from North York has drowned after he went swimming in the Muskoka River in Bracebridge on Sunday afternoon, OPP says."
2019,Drowning,"One hundred years ago today (July 20), a summer canoe ...",Instagram · globalpeterborough,https://www.instagram.com/reel/DbCHCXJO4NZ/,"Ontario drowned ten of its own villages in four days. The base ... Bracebridge OPP say officers got the call to Lake Rosseau, about 225 ..."
2019,Drowning,Are you ready to go backcountry camping?,TVO Today,https://www.tvo.org/article/are-you-ready-to-go-backcountry-camping,"... camping. (Provincial parks remain open for day use, but Ontario Parks asks that people visit only parks “close to home.”) Spending time in ..."
2019,Drowning,A 25-Year-Old Died Swimming At An Ontario Beach On ...,Narcity,https://www.narcity.com/toronto/two-drownings-at-an-ontario-beach-happened-on-sunday-afternoon-suspect-police,"One of the victims at North Beach Provincial Park was 25-year-old Muhammad Azmat of Mississauga, Ontario. Azmat was reportedly swimming with a ..."
2019,Drowning,Body of missing Toronto man recovered in East Lake,CityNews Toronto,https://toronto.citynews.ca/2025/07/23/prince-edward-county-east-lake-drowning-toronto-man/,"A second man drowned while swimming in Prince Edward County on Saturday, July 19, OPP announced earlier this week."
2019,Drowning,27-year-old former international student drowns in ...,Daily Hive,https://dailyhive.com/canada/international-student-canada-drowned-pranith-kumar-adupa,Ontario Provincial Police (OPP) stated that a 27-year-old man had been located deceased after he failed to surface while swimming in Lake ...
2019,Drowning,Police investigating apparent drowning of toddler in Tay ...,Inside Ottawa Valley,https://www.insideottawavalley.com/news/police-investigating-apparent-drowning-of-toddler-in-tay-valley-pool/article_12e47597-b453-5ff1-82c2-0132995ba460.html,"Lanark County OPP are investigating the apparent drowning of a two year old girl. Shortly after 2 p.m. on Friday, July 12, 2019 officers ..."
2019,Drowning,Jamaican boy on vacation drowns at Sandbanks,Global News,https://www.google.com/goto?url=CAESiAEB6zswFUjPWRw8f9T1b0Os1JZlGtfwKneUxJ3-DqPvg5gPwJPA_WBXfesWs30-B4F-xNVMKf0ayFzBFO2gwxpbB8edRFTzLKlN6xaNOyrc1qgSghEJDgx7i_GEYbcrSLcbhzfYCRFZAXGIdmAiDy699mIN0vJPPI_vBHk3SGGc3YwXvgna-aAK,7-year-old Javon black was visiting family in Canada for the first time with his mother and sister on Saturday.
2019,Drowning,Chatham dad opens up after visiting site of teen son's ...,Chatham Daily News,https://www.chathamdailynews.ca/news/local-news/chatham-dad-opens-up-after-visiting-site-of-teen-sons-manitoulin-island-drowning,"Kyle Benedict, a Chatham teenager, died on Monday in Manitoulin Island's Meldrum Bay in an apparent drowning incident. Local OPP are still ..."
2019,Bear Attack,Charged by a black bear at Lake of Two Rivers in ...,Tripadvisor,https://www.tripadvisor.com/ShowTopic-g319818-i11041-k13341232-o10-Charged_by_a_black_bear_at_Lake_of_Two_Rivers_in_Algonquin_P-Algonquin_Provincial_Par.html,"By the way, you're lucky that you've managed to get a Mew Lake campsite, I've checked the Ontario Parks reservation site and literally 100% of ..."
2019,Bear Attack,Tell Me About Your Bear Encounters : r/algonquinpark,Reddit · r/algonquinpark,https://www.reddit.com/r/algonquinpark/comments/1amql6z/tell_me_about_your_bear_encounters/,Another visit they were told a specific area was close due to a bear attack. They went camping there like 20-30 other times and didn't see one.
2019,Bear Attack,Bear Encounter at Grundy Lake in Northern Ontario,Facebook · The view from my window,https://www.facebook.com/groups/271625487184735/posts/1161492678198007/,View from my trailer door window . After night visit from a black bear!!!! Camping at Grundy pp. Ontario Canada
2019,Bear Attack,"Finally Facts on the Attack - UPDATE September 5, 2019",The Wildlife Research Institute,https://www.bearstudy.org/updates/daily-updates/3961-finally-facts-on-the-attack-update-september-5-2019.html,"... bear-attack-on-rainy-lake-involved-a-sow-with-two-yearlings-1673512 ... According to OPP Constable Jim Davis, she went outside to ..."
2019,Bear Attack,List of fatal bear attacks in North America,Wikipedia,https://en.wikipedia.org/wiki/List_of_fatal_bear_attacks_in_North_America,"Main article: 1978 Algonquin Provincial Park bear attack. Canada, Algonquin Provincial Park, Ontario — The three boys were stalked and killed while fishing ..."
2019,Bear Attack,Fatal bear attack in Ontario extremely rare,Facebook,https://www.facebook.com/kxnewsminot/posts/attacks-of-this-nature-are-extremely-rare-and-our-hearts-go-out-to-the-family-an/2543016029074910/,"Black Bears Kills a Women in a Remote Campsite in Ontario ... Ontario occurring in 2020, 2019, and 2005. ... Woman dead after bear attack when she went to check on ..."
2019,Bear Attack,"Woman, 62, dies on northwestern Ontario island after ...",Boreal Community Media,https://www.boreal.org/2019/09/04/282631/woman-62-dies-on-northwestern-ontario-island-after-evident-bear-attack-police-say,"OPP say a 62-year-old woman is dead following an evident bear attack on an Island in Rainy Lake. (CBC) From CBC News · September 3, 2019."
2019,Bear Attack,"Killarney Provincial Park – Ontario, Canada – WAY NORTH",waynorthblog.com,https://waynorthblog.com/2015/07/21/killarney-provincial-park-ontario-canada/,"Although there has never been a fatal bear attack in Killarney Provincial Park, this is unfortunately not true of all Ontario parks. The ..."
2019,Bear Attack,Black bear attack in Sault Ste. Marie late August 2025,Boardhost,https://algonquinadventures.boardhost.com/viewtopic.php?id\u003d4384,"... Provincial Park. [url=https://www.ctvnews.ca/northern ... In summary, while Ontario has seen a very serious bear attack in Sault Ste."
2019,Bear Attack,Woman dead after bear attack in northwestern Ontario ...,Toronto Star,https://www.thestar.com/news/canada/woman-dead-after-bear-attack-in-northwestern-ontario-opp-says/article_2b666ac6-29b7-5748-8921-906211977074.html,"Woman dead after bear attack in northwestern Ontario, OPP says. A 62-year-old woman was found dead after she was attacked by a bear when she ..."
2019,Bear Attack,OPP investigates fatality as possible bear attack,Ontario Out of Doors,https://oodmag.com/opp-investigates-fatality-as-possible-bear-attack/,The Ontario Provincial Police (OPP) are investigating what appears to be a fatal black bear attack near Red Lake on July 20.
2019,Bear Attack,Northern Ontario cottage country bear attack victim ID'd by ...,Global News,https://globalnews.ca/news/5855076/northern-ontario-cottage-country-bear-attack-victim-idd-by-police/,A 62-year-old American woman has been identified by Ontario Provincial Police (OPP) ... Northern Ontario cottage country bear attack victim ID'd by ...
2019,Bear Attack,Bear Attack « The Famous Georgian Bay Bass Hole,WordPress.com,https://georgianbaybasshole176.wordpress.com/tag/bear-attack/,... bear attack ever recorded in The US & Canada. ... Fishing & Wilderness Camping French River Provincial Park Key River Area Georgian Bay Hwy 69 ...
2019,Bear Attack,Bear Attack in Kenora,Wawa-news.com,https://wawa-news.com/index.php/2019/09/28/bear-attack-in-kenora/,"... (OPP) were dispatched to the report of a bear attack on the Rice Lake Road. The OPP responded to a report of a 69 year old male, with non ..."
2019,Bear Attack,First Canada camping 🏕 adventure. No bear attack yet.... . . ...,Instagram · jacobmichie,https://www.instagram.com/p/B4X62aMDQtg/,First Canada camping adventure. No bear attack yet.... . . . . #Ontario #camping #sunset #reflection #lakehuron #pineryprovincialpark # ...
2019,Bear Attack,Police and MNRF investigating fatal black bear attack,Sudbury News,https://www.sudbury.com/local-news/police-and-mnrf-investigating-fatal-black-bear-attack-1674576,Police and MNRF investigating fatal black bear attack ... Rainy River OPP and the Ministry of Natural Resources and Forestry are investigating the ...
2019,Bear Attack,"Kenora residents warned after man, 69, attacked by bear",CTV News,https://www.ctvnews.ca/winnipeg/article/kenora-residents-warned-after-man-69-attacked-by-bear/,OPP is reminding residents to use extreme ... Related Stories. Woman found dead after bear attack reported on island in Northwestern Ontario ...
2019,Bear Attack,'Bear attack bad': final message of Canadian couple killed ...,The Guardian,https://www.theguardian.com/world/2023/oct/05/bear-attack-bad-canadian-hikers-grizzly-banff,'Bear attack bad': final message of Canadian couple killed by grizzly ... Doug Inglis and Jenny Gusse were camping near the Red Deer River
2019,Bear Attack,CANADA: Woman fatally mauled by bear in northwestern Ontario,SooToday.com,https://www.sootoday.com/around-ontario/canada-woman-fatally-mauled-by-bear-in-northwestern-ontario-1671459,"Provincial police received a call from Red Pine Island on Sunday evening about concern of a bear attack, after a woman had gone to check on her dogs and not ..."
2019,Bear Attack,"Black bear suspected of killing man, 67, in northern Ontario",Cottage Life,https://cottagelife.com/general/black-bear-suspected-of-killing-man-67-in-northern-ontario-opp/,"Black bear suspected of killing man, 67, in northern Ontario: OPP. By ... “We're unsure if it was indeed a bear attack that caused the death,” ..."
2019,Bear Attack,Backcountry (2014),IMDb,https://www.imdb.com/title/tt2944198/,"Based on the true story of Jacqueline Perry and Mark Jordan, who in 2005 were attacked by a bear at a campsite in Missinaibi Lake provincial park about 80 ..."
2019,Bear Attack,BACK ROADS BILL: Can you survive a black bear attack? ...,TimminsToday.com,https://www.timminstoday.com/column/back-roads-bill/back-roads-bill-can-you-survive-a-black-bear-attack-experts-weigh-in-10766276,"At about the same time, in 1991, a couple was killed in a rare predatory black bear attack on Bates Island in the provincial park. She was ..."
2019,Bear Attack,UPDATE: Fatal bear attack on Rainy Lake involved a sow ...,Thunder Bay News - TBNewsWatch.com,https://www.tbnewswatch.com/local-news/fatal-bear-attack-on-rainy-lake-involved-a-sow-with-two-yearlings-1673512,"UPDATE: Fatal bear attack on Rainy Lake involved a sow with two yearlings ... According to OPP Constable Jim Davis, she went outside to ..."
2019,Bear Attack,American woman identified as victim of bear attack on remote ...,CP24,https://www.cp24.com/news/2019/09/04/american-woman-identified-as-victim-of-bear-attack-on-remote-ontario-island/,An American woman has been identified as the victim of a bear attack on a remote island in northwestern Ontario ... 2019 at 5:24PM EDT. An OPP cruiser is seen in ...
2019,Bear Attack,The Algonquin Park Bear Attack *1978,YouTube · Speluncaphobia,https://www.google.com/goto?url=CAESYwHrOzAVLh1CT8Br88hv4uGlh45x9W2cyLCNqlo5VXFWJ-6d0vX5U1lZHA9-RMHPVUw6aeY6pWR-K2_pBkYiqL8NP71v-8O6hR1ygpqh2_-1P9py8MhZiupEeACVqzNfpluTmw,... Ontario Canada....This is their story. #bearattack # ... bear-attack-one-too-many-michael-commito-242079 https ...
2019,Bear Attack,Camping in Ontario - Parks Blogger,parksbloggerontario.com,https://www.parksbloggerontario.com/camping-in-ontario/,Ontario Camping Resources. Campground Camping. Campgrounds in Algonquin ... bear attack victim. Read about bear safety in Ontario by Jeff Morrison. Also ...
2019,Bear Attack,"Bear Rips Tents, Shuts Down Popular Banff Campground ...",Facebook · Wowietas Corner,https://www.google.com/goto?url=CAESzgEB6zswFWJAmFJ3uOx2FO6ygANVpwWFnFaKxzA931IXTU02hu8v_3VcHYeZhJWYfjQebJir72-R4FbrhOg6OoUsICnqPtrzdI8sQU7_qoBRORUbi705kkHA5XGLffH77v5F-5FdMu_YvRTy5_1vEPFV53xNAM7re4Ruwnkz6D2K4DPEVV60HLcmXQpSX9oQQCG9ZL_775FBQNbj_5M1e7MJQFuN6a6Ha43M5MmyLENb_eJk9EoGK1pik4lzGl4OnYgdU2gJXet9GfHfeAiGUQ,... 2019. Fatal bear attack on experienced hikers in Banff ... Black bear attack in Montana campground. The Rockies Tours ▻ Calgary ...
2019,Falling Tree,Storm damages campsite at Silver Lake Provincial Park,Facebook · Ontario Storm Reports,https://www.facebook.com/groups/ontariostormreports/posts/1304014354571648/,"Last night's storm tore through our campsite at Silver Lake Provincial Park (Maberly, ON). A tree crushed our neighbour's tent (with them inside) ..."
2019,Falling Tree,Sad news to deliver! 1 person is deceased and 2 others were ...,Facebook · Ontario Provincial Police - West Region,https://www.google.com/goto?url=CAESwQEB6zswFT4OaAE-GHPwPOGrR_6Z7pa4Uawn4DZZ-HT4gY50BHCNzTPPO8AQ5LZOudBRVMoPmsmZlmQhTE3wq4DvFfWo0UvnC1tjueqht1C7udgz5LrPsisXzDSYruqHfmXdlrmmxHZkXhPA1RVggEVgjD3zumbmsKg9rmxhVgcYfjzGXsAROaRV-g2dC9T6zXgoUEbNuUQlSwy5LvPWBtM6VQYFEWNFXhO2es5P0BiRHMqxn0F6XEidLliab2ploLiM,... Ontario Provincial Police (OPP) ... A child was killed Saturday after a tree fell on them at the Okanagan Lake Provincial Park South campground.
2019,Falling Tree,A young child has died after a tree came down at an Okanagan ...,Facebook · CHBC - Global Okanagan,https://www.google.com/goto?url=CAESwwEB6zswFW9B6q7Q9ubG4UyJCBZLsC6AkAL0jrR9XdHB8H5kVmOH4EJ7x4qdQDZEJvod6YRXLr0ND3_hxUJWNWsAq5GTRXieA9xXFQtU7BuJCR9RmMfDkir0iWJ0oDinRJaXJnIP3Hhx80OBgbiaz5HuEZ_L3sDUCXB2Ra81nBe6ThLpVD-jxr-PXbEGyWyB8woJSNJBG5we6-of5KAl_6pDJ-mU37DwKY1c_gxerqzuwi9EU52dppYop2_t3ZHDh42HFYo,... Ontario Provincial Police (OPP) ... A child was killed Saturday after a tree fell on them at the Okanagan Lake Provincial Park South campground.
2019,Falling Tree,Man dies at Olympic National Park after tree falls on his tent,KATV,https://katv.com/news/nation-world/man-dies-at-olympic-national-park-after-tree-falls-on-his-tent-thomas-bernier-villeneuve-national-park-service-elk-lake-remote-wilderness-campsite-inreach-device,"A Canadian citizen camping at Olympic National Park died Tuesday after a tree fell on his tent, officials said."
2019,Falling Tree,Tree falls on 9-year-old boy sleeping in tent while camping ...,WKYT,https://www.wkyt.com/2024/06/19/tree-falls-9-year-old-boy-sleeping-tent-while-camping-sheriff-says/,"A 9-year-old boy was injured after a tree fell on his tent while he was camping in Minnesota, officials said."
2019,Falling Tree,Tree falls on camper killing woman in Maringouin,Facebook · Malcolm Byron,https://www.facebook.com/mbyronwx/posts/tragically-33-year-old-cindy-perritt-passed-away-this-morning-after-a-tree-fell-/1720634993398982/,"Last night's storm tore through our campsite at Silver Lake Provincial Park (Maberly, ON). A tree crushed our neighbour's tent (with them inside) ..."
2019,Falling Tree,Slow progress made to restore provincial park after ...,CityNews Ottawa,https://ottawa.citynews.ca/2025/12/05/slow-progress-made-to-restore-provincial-park-after-devastating-storm/,Clean-up and restoration are continuing five months after a storm destroyed a portion of an Ontario Provincial Park north of Ottawa. ... tree fell ...
2019,Falling Tree,Devastating news out of Camp Widjiwagan in Antioch. A 15- ...,Facebook · Megan Scarano,https://www.google.com/goto?url=CAESxQEB6zswFYUy_IdPtHCOFDt2tlQmF_Rebwe3crMXlRjeB03JfnWjb-gdYohrn6pQp5MJSC2NhqvK-FFj-7b1asXSfApMbEh-kNJK6J75m01eZ-yBX6odFUuI0wHDPtJNzNWuLKySinl18ashGZwpa8pDd4ZAdk5ygvynKPiQopx6g7b9Qgk1HThBjVnb-e1M_opc91ZcclQh1HyQPmpsND9g_T6gp_vLIgWYpwCIcGKZL-e91B78N0lDTG7YjI5Fi0nWUIjuYw,Ottawa man camping with child dies after tree falls on tent at Mallorytown campsite 10-year-old suffered serious but non-life-threatening ...
2019,Falling Tree,Travel & Camping Blog 2024,campingcontent.com,https://campingcontent.com/travel-camping-blog-2024/,"MAY 2024 At the Wilderness Road campground of Cumberland Gap NHP, we've returned to the scene of the crime — the location where a tree fell across the roof ..."
2019,Falling Tree,11-year-old Girl Scout walking when killed by tree at ...,WLKY,https://www.wlky.com/article/girl-scout-dies-3-hurt-after-tree-falls-at-indiana-camp/28181656,... tree fell on her as she walked along a gravel road at a southern Indiana campground. Perry County Sheriff Alan Malone says it was raining ...
2019,Falling Tree,Trillium Woods Provincial Park,Wandering Canadians,https://wanderingcanadians.com/2021/11/21/trillium-woods-provincial-park/,"... Ontario | Tagged: hiking, Ontario parks, travel ... A few years ago someone I work with was camping with his family and a tree fell on their tent ..."
2019,Falling Tree,Fairbanks Provincial Park – Summer 2021 - Trums Travels,trumstravels.com,https://trumstravels.com/2022/03/24/fairbanks-provincial-park-summer-2021/,"Steps going to the beach from our site The drive to Fairbanks Provincial Park ... So horrible for them, we found out that a huge tree fell on ..."
2019,Falling Tree,"Ontario, Quebec cleaning up after savage storm",The Globe and Mail,https://www.theglobeandmail.com/news/national/ontario-quebec-cleaning-up-after-savage-storm/article20414693/,"A 26-year-old Michigan man was also killed when a tree fell on his tent in Algonquin Provincial Park, south of Kiosk, Ont. Jeff Grey was ..."
2019,Falling Tree,What's your worst camping experience? : r/AskAnAmerican,Reddit · r/AskAnAmerican,https://www.reddit.com/r/AskAnAmerican/comments/1jeppb1/whats_your_worst_camping_experience/,"Camping is a popular pastime in the US. The woods are vast and often filled with wildlife, so I'm wondering what are people's worst camping experiences? ..."
2019,Falling Tree,A tree fell on my camper. - Forest River Forums,forestriverforums.com,https://www.forestriverforums.com/threads/a-tree-fell-on-my-camper.362212/,"A tree fell on my camper. Thread starter WeLikeCamping; Start date ... Hope you'll be back to camping soon! Aug 4, 2022 · #11 · 20 · 2005gts ..."
2019,Falling Tree,'It just flattened it': Three injured after severe storm rips ...,meadowlakeNOW,https://meadowlakenow.com/2019/06/30/it-just-flattened-it-three-injured-after-severe-storm-rips-through-meadow-lake-provincial-park/,A tree fell on ... Volunteers with chainsaws headed to Murray Doell Campground to help remove downed trees and people stuck inside campers.
2019,Falling Tree,NPS Incident Reports - Yosemite National Park,National Park Service History Electronic Library & Archive,https://npshistory.com/morningreport/incidents/yose.htm,Campsites in Upper Pines campground for the period from July 15th to August ... tree fell in Upper Pines Campground in Yosemite Valley around 5 a.m. ...
2019,Falling Tree,Trees uprooted. Campers overturned. See the aftermath at ...,Facebook · 97.9 WGRD,https://www.facebook.com/979GRD/posts/trees-uprooted-campers-overturned-see-the-aftermath-at-ontonagan-township-park/1555102869962955/,"Last night's storm tore through our campsite at Silver Lake Provincial Park (Maberly, ON). A tree crushed our neighbour's tent (with them inside) ..."
2019,Falling Tree,Phylogeny of Crataegus (Rosaceae) based on 257 nuclear ...,National Institutes of Health (NIH) | (.gov),https://pmc.ncbi.nlm.nih.gov/articles/PMC8555502/,"Adams Co. W bank of Goose Creek, S of Last Chance Campground; 44.99, -116.19 ... tree collapsed by Crataegus taxonomic sections (Fig. 2C). On the right ..."
2019,Falling Tree,Snags: The Standing Death Traps of the River Corridor.,Mountain Buzz,https://www.mountainbuzz.com/threads/snags-the-standing-death-traps-of-the-river-corridor.128371/,"Amazing campsite, but it would turn into a death trap in a hurry if ... Then this summer I heard about a trip on the Main where a tree fell on ..."
2019,Falling Tree,Ineffective & outdated: Six reasons to not hang a bear bag,Skurka Adventures,https://andrewskurka.com/argument-against-hanging-bear-bag/,"If bears regularly (or even occasionally) obtain human food where you are camping, carry a hard-sided canister even if it's not required. If you ..."
2019,Falling Tree,AMBER Alert in Virginia: A timeline of the search for 14- ...,WAFB,https://www.wafb.com/2019/10/22/deputies-search-missing-teen-believed-be-with-year-old-man/,"Authorities believe Lynch left with camping gear. ... A tree fell onto a camper on Sparks Lane in Maringouin early Thursday morning, Aug ..."
2019,Falling Tree,Low voltage alarm | iRV2 Forums an RV LIFE Community,irv2.com,https://www.irv2.com/threads/low-voltage-alarm.1873107/,After the big storm we thought we were OK but the park just lost its power. A big tree fell ... Class B Camping Options for Christmas in NYC.
2019,Falling Tree,Windstorm hits Smith's Bay Campsite,The Eganville Leader,https://www.eganvilleleader.ca/breaking-news/windstorm-hits-smiths-bay-campsite/,One tree fell across the highway and blocked the southbound lane until a maintenance crew removed it. Smith's Bay Campsite resident Dave ...
2019,Falling Tree,AAC Publications - American Alpine Club,American Alpine Club,http://publications.americanalpineclub.org/articles?page\u003d117,"On June 13, a tree fell from above the Outhouse Wall at the Back of the Lake ... Robson Provincial Park, Whitehorn Mountain. IN THE EARLY hours of April ..."
2020,Drowning,JUST IN: Ontario County Sheriff's deputies say a 4-year-old ...,Facebook · WHEC TV,https://www.facebook.com/News10NBC/posts/just-in-ontario-county-sheriffs-deputies-say-a-4-year-old-boy-has-died-after-dro/1492796766221634/,Liberty Lake Day Camp says the child died during Monday's afternoon swim period for campers entering first and second grade. A lifeguard found ...
2020,Drowning,Another drowning at North Beach in 2020,The Picton Gazette,https://pictongazette.ca/post/another-drowning-at-north-beach-in-2020,Members of the Ontario Provincial Police (OPP) Prince Edward County ... Along with a drowning at the Dunes beach at Sandbanks Provincial Park earlier ...
2020,Drowning,OFF THE SCANNER: EMERGENCY CREWS ...,Facebook · Peterborough Scanner Feed,https://www.facebook.com/ptboscannerfeed/posts/off-the-scanner-emergency-crews-responding-to-reported-drowningemergency-crews-a/992172506777843/,OFF THE SCANNER: EMERGENCY CREWS RESPONDING TO REPORTED DROWNING Emergency crews are responding to Presquile Point in Presquile Provincal Park for a ...
2020,Drowning,Crews search for missing person on Lake Huron near ...,CBC,https://www.cbc.ca/news/canada/london/person-missing-raft-9.7204176,"... Provincial Park Monday, leaving one person missing. Lambton County OPP said emergency crews were called to the provincial park May 18 around ..."
2020,Drowning,Peterborough police say a man died after being pulled from ...,Facebook · Global Peterborough,https://www.google.com/goto?url=CAESzQEB6zswFRa-nlI5FsnjegY0jULFFNys_s55bLCeftrM22xeT3xBC_JWVktTVRTQqhejmuJyni5V1X6BQmZiXW656FZwzTpj2V-ktSHIKqzyi8LPi6gEWmS8ztM_DkFyxaDcW2jIm0SEcn9LW_EVMdSj1WfiBmQ5AANEcl11jhEU3nUzdU5PmXGAmNbrd12Qdmu4vxjrg2ANTJc_2MnvC8OhVk82mgs18J9d2FP-kw-NA3irCU0D8oA7-C2HzGjAA3Beta-IBolf4dkRapYQ,"The death is believed to be non-suspicious, and no foul play is suspected. The City of Kawartha Lakes OPP are continuing the investigation in ..."
2020,Drowning,A man was pronounced dead after falling into a lake at ...,Facebook · NorthJersey.com,https://www.facebook.com/northjerseycom/posts/a-man-was-pronounced-dead-after-falling-into-a-lake-at-darlington-county-park-of/1788318359997833/,"OPP say the identity of a 46 year old male is not being released at this time, due to his family not being in Canada and is not aware of the ..."
2020,Drowning,Two men drown at North Beach,Belleville Intelligencer,https://www.intelligencer.ca/news/two-men-drown-at-north-beach/,Tragedy struck at North Beach Provincial Park Sunday when two men died in separate drowning incidents The Ontario Provincial Police (OPP) ...
2020,Drowning,OPP reports two drownings at North Beach over weekend,Kingstonist News,https://www.kingstonist.com/news/drowning-north-beach/,"(Kingston, Ontario) Tragedy struck two swimmers at North Beach Provincial Park in Prince Edward County over the weekend, OPP reports."
2020,Drowning,Ontario Parks в X: „Supervising kids near water? Put down ...,X · OntarioParks,https://x.com/OntarioParks/status/1292216959229136897?lang\u003dbg,"Ontario Parks в X: „Supervising kids near water? Put down the phone or book, and pay close attention -- drowning can happen in as little as 10 ..."
2020,Drowning,Bracebridge OPP investigating drowning in Muskoka Lakes,OrilliaMatters.com,https://www.orilliamatters.com/local-news/bracebridge-opp-investigating-drowning-in-muskoka-lakes-2624248,"On Saturday August 8, 2020 just after 9 a.m. Bracebridge Ontario Provincial Police (OPP) officers responded to an emergency call at an address ..."
2020,Drowning,Silent Lake Provincial Park – September 2020 - Trums Travels,trumstravels.com,https://trumstravels.com/2020/12/07/silent-lake-provincial-park-september-2020/,"Silent Lake is not a very big park, maybe 1610 hectares and has only two campgrounds. They also have some walk-in sites. Our site was okay but ..."
2020,Drowning,National Drowning Prevention Week | July 19–25 The ...,Instagram · opp_northeast,https://www.instagram.com/p/DbBrQwbib1B/,"The North East Region OPP is reminding everyone that drowning can happen quickly and silently. Whether you're spending time at a cottage, lake, ..."
2020,Drowning,Blog Posts,The Provincial Parkers,https://www.provincialparkers.com/blog/previous/10,The Ontario parks have started up a new seasonal camping program ... drowning. Picture. The wet and flooded ground was also home to some ...
2020,Drowning,A GoFundMe page has been launched to support the ...,Instagram · globalpeterborough,https://www.instagram.com/reel/DaiMu-FNnqH/,"A 32-year-old man and 30-year-old woman, both from Toronto, died after a boating crash on Lake Rosseau in Muskoka. OPP responded Friday night ..."
2020,Drowning,9-year-old boy who fell through ice on Lake Erie presumed ...,WKBW,https://www.wkbw.com/news/opp-nine-year-old-boy-who-fell-through-ice-on-lake-erie-presumed-drowned,"OPP: Nine-year-old boy who fell through ice on Lake Erie presumed drowned ... OPP West Region (@OPP_WR) February 16, 2020. A 10-year-old girl with ..."
2020,Drowning,Police got it wrong about how Mohawk men drowned in 2015,APTN News,https://www.aptnnews.ca/national-news/police-got-it-wrong-about-how-mohawk-men-drowned-in-2015-coroner/,The new investigation follows a two-year APTN Investigates probe that disputed the OPP theory that the fishermen drowned after overloading their ...
2020,Drowning,OPP identify drowning victim,Windsor Star,https://windsorstar.com/news/local-news/opp-identify-drowning-victim,The OPP have formally identified a migrant farm worker who drowned near Wheatley Provincial Park last month.
2020,Drowning,Guitar allowed in radio free area? (Ontario Provincial Parks),PopUpPortal,https://www.popupportal.com/threads/guitar-allowed-in-radio-free-area-ontario-provincial-parks.131341/,I assume radio free zones are created for people who enjoy quiet while camping. I would treat any sounds coming from a campsite as violating the ...
2020,Drowning,Drowning River,Canadian Canoe Routes,https://www.myccr.com/canoeroutes/drowning-river-0,This campsite has some history with the partial completion of a cabin by Lindsay Vanderbeck back in the 40's. The site is quite garbaged up and ...
2020,Drowning,Frequently Asked Questions - Ontario's Conservation Areas,Ontario’s Conservation Areas,https://ontarioconservationareas.ca/find-a-conservation-area/faq/,Camping Reservations − +. Secure your campsite! Online reservations are required to book campsites at Conservation Areas. Admission Fee − +. We're happy to ...
2020,Drowning,Recreational Boating Deaths in Ontario : Facts + Statistics,MyBoatCard.com,https://myboatcard.com/recreational-boating-deaths-in-ontario/,"20% of all unintentional water-related fatalities in Ontario, were recreational boating-related fatalities. 76% of drowning fatalities in ..."
2020,Drowning,Two men drown at North Beach,Belleville Intelligencer,https://www.intelligencer.ca/news/local-news/two-men-drown-at-north-beach,Tragedy struck at North Beach Provincial Park Sunday when two men died in separate drowning incidents. The Ontario Provincial Police (OPP) ...
2020,Drowning,Drowning River by user0317,Boundary Waters Canoe Area,https://bwca.com/index.cfm?fuseaction\u003dtrip.report_view\u0026sel_trp_id\u003d5292,"This site has grown since 2002 from a few visitors a day to up to 10,000 visitors a day during peak season. We support this high volume of visitors along with ..."
2020,Drowning,Ontario Crown Land non-resident camping permits,canoetripping.net,https://www.canoetripping.net/threads/ontario-crown-land-non-resident-camping-permits.129860/,You need a crown land camping permit unless you are a Canadian citizen to camp on crown lands in Ontario. Renting a tent or camper lets you skip ...
2020,Drowning,Tribute gathering held for Guatemalan worker who ...,Windsor Star,https://windsorstar.com/news/local-news/tribute-gathering-held-for-guatemalan-worker-who-drowned-near-wheatley,Migrant workers gather on a beach at Wheatley Provincial Park ... OPP identify drowning victim. Advertisement 1. Story continues below.
2020,Bear Attack,Charged by a black bear at Lake of Two Rivers in ...,Tripadvisor,https://www.tripadvisor.com/ShowTopic-g319818-i11041-k13341232-o10-Charged_by_a_black_bear_at_Lake_of_Two_Rivers_in_Algonquin_P-Algonquin_Provincial_Par.html,"By the way, you're lucky that you've managed to get a Mew Lake campsite, I've checked the Ontario Parks reservation site and literally 100% of ..."
2020,Bear Attack,You're camping in bear country... which means ...,Instagram · bluelakepp,https://www.google.com/goto?url=CAESYwHrOzAVIqS2QXK8tQCz_6vByKSzDjoT2rhg7ZmLs65F-tA1G2MCpAWimKp-uGkc8wcAakH8sJ9oh2xhyxDi17pW8QkTXbDvwLtuSHmpC35gUbdPw2ABS_0AqF9zSAlpJ-GzzQ,"You're camping in bear country... which means you're sharing the neighborhood. Bears are an important part of Blue Lake Provincial Park, ..."
2020,Bear Attack,Black Bears leave many signs of their presence. Flipped- ...,Facebook · Ontario Parks,https://www.facebook.com/ontarioparks/posts/black-bears-leave-many-signs-of-their-presence-flipped-over-rocks-claws-marks-on/1244650181040227/,"FROM/DE: Southern Georgian Bay Detachment DATE: July 3, 2020 OPP and ... Predatory bears A predatory bear attack is very rare. These ..."
2020,Bear Attack,Tell Me About Your Bear Encounters : r/algonquinpark,Reddit · r/algonquinpark,https://www.reddit.com/r/algonquinpark/comments/1amql6z/tell_me_about_your_bear_encounters/,"The last fatal black bear attack in Algonquin Park was in 1991, and before that was 1978. ... Been backcountry camping in Ontario for 20 years, ..."
2020,Bear Attack,"Killarney Provincial Park – Ontario, Canada – WAY NORTH",waynorthblog.com,https://waynorthblog.com/2015/07/21/killarney-provincial-park-ontario-canada/,"Although there has never been a fatal bear attack in Killarney Provincial Park, this is unfortunately not true of all Ontario parks. The ..."
2020,Bear Attack,Bears in Algonquin Park — Everything You Need to Know,Algonquin & Beyond,https://algonquinbeyond.com/blog/bears-in-algonquin-park-everything-you-need-to-know/,"A habituated bear is less likely to run away when they sense humans, and they can become a big nuisance at a campground or campsite. If you encounter a ..."
2020,Bear Attack,List of fatal bear attacks in North America,Wikipedia,https://en.wikipedia.org/wiki/List_of_fatal_bear_attacks_in_North_America,"Main article: 1978 Algonquin Provincial Park bear attack. Canada, Algonquin Provincial Park, Ontario — The three boys were stalked and killed while fishing ..."
2020,Bear Attack,"B.C. man dragged from campsite, attacked and killed by bear",Cottage Life,https://cottagelife.com/general/b-c-man-attacked-and-killed-by-bear-after-being-dragged-from-campsite/,Last weekend a 27-year-old man was dragged from his campsite and killed by a black bear after falling asleep near the site's fire pit.
2020,Bear Attack,Backcountry (2014),IMDb,https://www.imdb.com/title/tt2944198/,"Based on the true story of Jacqueline Perry and Mark Jordan, who in 2005 were attacked by a bear at a campsite in Missinaibi Lake provincial park about 80 ..."
2020,Bear Attack,Charged by a black bear at Lake of Two Rivers in ...,Tripadvisor,https://www.tripadvisor.com/ShowTopic-g319818-i11041-k13341232-Charged_by_a_black_bear_at_Lake_of_Two_Rivers_in_Algonquin_P-Algonquin_Provincial_Park_On.html,"On October 11, 2011, we were camping in Algonquin Park's Mew Lake Campground, site #68. It was exactly, to the day, the 20th anniversary of a ..."
2020,Bear Attack,First Canada camping 🏕 adventure. No bear attack yet.... . . ...,Instagram · jacobmichie,https://www.instagram.com/p/B4X62aMDQtg/,First Canada camping adventure. No bear attack yet.... . . . . #Ontario #camping #sunset #reflection #lakehuron #pineryprovincialpark # ...
2020,Bear Attack,peter franczak bear attack — Mysterious Stories Blog,StrangeOutdoors.com,https://www.strangeoutdoors.com/mysterious-stories-blog/tag/peter+franczak+bear+attack,Pfeiffer's companion was returning from their campsite to the site of the moose kill to get another load of meat when he encountered the bear and was charged.
2020,Bear Attack,"Greatest outdoor fears, ranked",Niagara-on-the-Lake Local,https://www.notllocal.com/opinion/greatest-outdoor-fears-ranked-11833781,... Provincial Park shows areas of prime tick habitat. Owen Bjorgan says ... People with children wouldn't flock to the north if a black bear attack ...
2020,Bear Attack,2023 | English Resources,University of Delaware,https://sites.udel.edu/english/arak-journal/arak-journal-2023/entry/172/,"Camper Harry Walker, who was residing in an illegal camping space on June 25, 1972, was mauled after having left food and waste outside of his site; this attack ..."
2020,Bear Attack,"Bear Attack-Algonquin Park, Canada",Google Groups,https://groups.google.com/g/rec.backcountry/c/BwDCKE2NDgE,"at the camp site was in a canoe. Only two other humans have been attacked by bears in the park's 104-year history. Three boys were killed in 1978, and an adult ..."
2020,Bear Attack,Bear Attacks Statistics 2026 – Global Injuries & Fatalities,World Animal Foundation,https://worldanimalfoundation.org/advocate/bear-attacks-statistics/,"Bear Attack Hotspots. Bear Attack Hotspots. Montana's Glacier ... Algonquin Provincial Park, Ontario, Canada: At nearly 2,983 square ..."
2020,Bear Attack,INVESTIGATION REPORT,Interagency Grizzly Bear Committee,https://igbconline.org/wp-content/uploads/2024/04/240311_Adamson_BOE_Custer-Gallatin-NF-Buttermilk.pdf,The couple described a “dead guy laying on the trail and it looks like a possible bear attack”. 0812 hours -USFS enforcement advises reporting party to leave ...
2020,Bear Attack,Bear-Caused Human Fatalities in Yellowstone National Park,USU Digital Commons,https://digitalcommons.usu.edu/cgi/viewcontent.cgi?article\u003d1630\u0026context\u003dhwi,"camping zones, and 1 permitted visitor was killed while in their campsite. The risk of fatal grizzly bear attack for recreationists camping in designated ..."
2020,Bear Attack,Food protection techniques in bear country,Skurka Adventures,https://andrewskurka.com/food-protection-techniques-in-bear-country/,Very little information out there on cabin camping. I am going cabin camping ... https://wlos.com/news/local/bear-attack-girl-great-smoky-mountains ...
2020,Bear Attack,Camping in Canada: black bear encounter video,Facebook · Canadian Landscapes,https://www.facebook.com/groups/CanadianLandscapes/posts/3813082892116912/,Video of the Bear Attack is also available on YouTube if you search ... This Bear made his way from campsite to campsite and was successful in his ...
2020,Bear Attack,What can I do to avoid being attacked by bears while ...,Quora,https://www.quora.com/What-can-I-do-to-avoid-being-attacked-by-bears-while-camping-in-a-national-park,What are some signs that there may be bears in the area during a camping trip or hike? How can one prevent a bear attack?
2020,Bear Attack,"Arizona man survives savage bear attack, shares story of survival",YouTube · LiveNOW from FOX,https://www.google.com/goto?url=CAESYwHrOzAVtbKk8MxnnEHsd8FH7P3iPI2z3Co3zcM-mMOsE__R3P3dPiSB2jatY2l0BiYNb1_2RmyJcgLhEjffIbUOv3tb5FGNbLpDuhg5FtcLdH-ZY6JEC8-VS87aFXPH6mvl1w,"In 2012, a valley man was attacked by a black bear at the Ponderosa Campground near ... Deadly bear attack Arizona: man mauled to death in ..."
2020,Bear Attack,"Warm and snug in my tent, reading over some bear attack ...",Instagram · adam_shoalts,https://www.instagram.com/p/B8pmLOhH3sR/,"Warm and snug in my tent, reading over some bear attack stories before drifting off to a peaceful night's sleep. #bearcountry #camping #peaceful ..."
2020,Bear Attack,Black bear killed man whose body was found by Hazel ...,Hellbender Press,https://hellbenderpress.org/news/black-bear-killed-man-whose-body-was-found-by-hazel-creek-in-great-smoky-mountains-national-park,A black bear killed a man whose body was found by backpackers at a Hazel Creek campsite in September 2020. ... bear attack on the Little River ...
2020,Bear Attack,Grizzly Bear attack in Eastern BNP - ClubTread Community,clubtread.com,https://www.clubtread.com/threads/grizzly-bear-attack-in-eastern-bnp.95579/,"Oct 1, 2023. Two people are dead after grizzly bear attack in Red Deer River Valley, west of Ya-Ha-Tinda. Parks Canada received inReach GPS ..."
2020,Falling Tree,Ottawa man camping with child dies after tree falls on tent ...,CBC,https://www.cbc.ca/news/canada/ottawa/ottawa-man-dies-mallorytown-tent-1.7569003,"... tree fell ... Emergency services responded to the campsite after receiving reports shortly after 6 a.m. Sunday, Ontario Provincial Police (OPP) ..."
2020,Falling Tree,Trees uprooted. Campers overturned. See the aftermath at ...,Facebook · 97.9 WGRD,https://www.facebook.com/979GRD/posts/trees-uprooted-campers-overturned-see-the-aftermath-at-ontonagan-township-park/1555102869962955/,"Last night's storm tore through our campsite at Silver Lake Provincial Park (Maberly, ON). A tree crushed our neighbour's tent (with them inside) ..."
2020,Falling Tree,"Tree falls onto Modesto family's tent, killing 13-year-old boy",FOX40,https://fox40.com/news/local-news/tree-falls-onto-modesto-familys-tent-killing-13-year-old-boy/,"(KTXL) — A Modesto family's camping trip ended in tragedy when a tree fell on their tent, killing their 13-year-old son. ... Campground in Yuba ..."
2020,Falling Tree,3 teens sent to hospital after tree falls on tent in southern ...,Global News,https://www.google.com/goto?url=CAESrAEB6zswFe8Ce_pYJ5i94M_PUtvXCr7oz4Pjcpip3MHG_TOpFTRHgIQloTaijLSO9NGgdLD-YQIGABP_b3KRiyiQo8NsNDS2I3dqsArEkw8Plo1SKXxGc-Dj_u7rnvn1UAt5sOlIDzZgBuWM6GcpWAJDIHE5ucadAzlbTjZLjbdpLVgOBDw1PS2vNLuXj743nm_B6gxyOgnNgZbpHr_j7rdLaXagXpwPzGuMCJ50,Three teens were sent to hospital after a tree fell on their tent. Adam Toy reports. Read more: 3 teens hospitalized after storm hits campground ...
2020,Falling Tree,Ontario / Derecho : r/CampingandHiking,Reddit · r/CampingandHiking,https://www.reddit.com/r/CampingandHiking/comments/uwpqc6/ontario_derecho/,"Was also camping during that storm in Ontario!! ... The thunderstorm was scary, the tree fell on your tent, you were lucky and didn't get hurt."
2020,Falling Tree,An Oilton man died when a tree fell onto a home during severe ...,Facebook,https://www.facebook.com/NewsOn6/posts/an-oilton-man-died-when-a-tree-fell-onto-a-home-during-severe-storms-that-moved-/678775034070570/,"Police said one person died and two others were injured after a tree fell on their camping trailer in Brant County, in southern Ontario, while a woman in ..."
2020,Falling Tree,A tragic scene unfolded at a Mallorytown campground ...,Instagram · northlyottawa,https://www.instagram.com/p/DLRRRYtt7T2/,... campground early Sunday morning after a large tree collapsed onto a tent and vehicle. OPP say an Ottawa man in his 40s was found dead at the ...
2020,Falling Tree,Lake Ontario is high! News 8's Eric Snitil was out at Webster ...,Facebook · News 8 WROC Rochester,https://www.google.com/goto?url=CAESxQEB6zswFRtZSUi-1XeZYRJoreUpi5WpXsX0OahdBl3BwXUD399eeHkhbfyOfcf4geJxBcE2y69d462ZamGUCmI5lavUEIuCMtBmxQCm_Srjg1Gvp6npbgqCYBNihLvzuUXMYD7gLMYVC0Snu5xJbXWJE7Swf-r0KkB1fdh0skZBMqbC4Ewi6KINSYYz6bVf8iflW_Z1wnkU67N3BzVGHjc9uasaHDtri1m9KIer6cI_XKZl3ygHu6XwaAKm-a7CZ8HnPiWhBA,"A homeowner describes hearing a loud thump while in his basement as a tree fell near his vehicle, narrowly missing it. Watch: Where did the ..."
2020,Falling Tree,3 teens hospitalized after storm hits campground northwest ...,Global News,https://globalnews.ca/news/7217421/teens-hospitalized-calgary-storm-july-25/,"Three teens were sent to hospital after a tree fell on their tent. ... Damage at a Bottrel, Alta., campground on July 25, 2020. View image ..."
2020,Falling Tree,Trillium Woods Provincial Park,Wandering Canadians,https://wanderingcanadians.com/2021/11/21/trillium-woods-provincial-park/,"... Ontario | Tagged: hiking, Ontario parks, travel ... A few years ago someone I work with was camping with his family and a tree fell on their tent ..."
2020,Falling Tree,Fairbanks Provincial Park – Summer 2021 - Trums Travels,trumstravels.com,https://trumstravels.com/2022/03/24/fairbanks-provincial-park-summer-2021/,"Steps going to the beach from our site The drive to Fairbanks Provincial Park ... So horrible for them, we found out that a huge tree fell on ..."
2020,Falling Tree,A tree fell on my Ram,Cummins Diesel Forum,https://www.cumminsforum.com/threads/a-tree-fell-on-my-ram.1523978/,A tree fell on my Ram ... We had a tree fall on my truck while we were camping last weekend. The body shop says the frame is not bent and it just ...
2020,Falling Tree,Travel & Camping Blog 2024,campingcontent.com,https://campingcontent.com/travel-camping-blog-2024/,"MAY 2024 At the Wilderness Road campground of Cumberland Gap NHP, we've returned to the scene of the crime — the location where a tree fell across the roof ..."
2020,Falling Tree,6 ATV'ers have died this year. 240 ...,Facebook · Ontario Provincial Police - Highway Safety Division,https://www.google.com/goto?url=CAESwgEB6zswFT5zIW15lAo_qKhtbzQlVZbOSsUciBhsIzE7PhqPrDevBj8QNlWnv4KigNx6Mo0fuEwgZ1XAJaUOmnF7U9m3xGoYP5ziuUfgUN1GdbgYSq145hD5tZU8YoixF3oe7U50PRQDDmDNNkruhS9cJv41YPQ6ukp17gAlHuvuJAVo1_hbVxAkxOU4Mj_mGiaw5f8CO3zHqwgSa7S1ONzl5RiCj3JqUlLJ83ZL3COnhNxaDqBvcLrlh7zbYXs80_m1Aw,Yesterday a tree fell and injured a rider at the Atv park shout out to Da ... Ontario Provincial Police - North West Region. Ontario Provincial ...
2020,Falling Tree,Scholarship fund established in honour of boy killed by ...,Vancouver Sun,https://vancouversun.com/news/local-news/scholarship-fund-established-in-honour-of-boy-killed-by-falling-tree,"Weston Schwarzfeld, 5, was walking along the Kingfisher Trail in Yarrow with his day camp class on Aug. 18 when a tree fell and struck him."
2020,Falling Tree,A tree fell on my camper. - Forest River Forums,forestriverforums.com,https://www.forestriverforums.com/threads/a-tree-fell-on-my-camper.362212/,"A tree fell on my camper. Thread starter WeLikeCamping; Start date ... Hope you'll be back to camping soon! Aug 4, 2022 · #11 · 20 · 2005gts ..."
2020,Falling Tree,Leeds County OPP is investigating a death ...,Facebook · Ontario Provincial Police - East Region,https://www.facebook.com/OPPEast/posts/leeds-county-opp-is-investigating-a-death-at-a-mallorytown-campground-reported-o/1036597835330735/,"... tree fell on a camping trailer on Saturday. One dead, two injured after tree falls on camping trailer in Brant County: OPP. Vicky Van Herk ..."
2020,Falling Tree,Complaint: Trinity PUD equipment sparked 2020 Hobo fire,The Trinity Journal,https://www.trinityjournal.com/news/local/article_b855c9d6-5d50-440a-bab8-b1081366f0d7.html,The United States alleges that a rotting oak tree fell across ... Camping · Fishing · Hiking · Lodging · Rafting · Classifieds · Homes · Jobs ...
2020,Falling Tree,Tree falls on car hi-res stock photography and images,Alamy,https://www.alamy.com/stock-photo/tree-falls-on-car.html,"A large tree fell crushing several cars yesterday evening in Chine Crescent Road, Bournemouth. ... tree crushed their car in their driveway of their Marc Dr."
2020,Falling Tree,Toronto city staff inspecting park trees after falling branch kills ...,Cochrane Eagle,https://www.cochraneeagle.ca/ontario-news/toronto-city-staff-inspecting-park-trees-after-falling-branch-kills-woman-7353224,BC Parks said the child was at a campground at Okanagan Lake Provincial Park on Saturday when they were hit by a falling tree. BC Parks said the child died a ...
2020,Falling Tree,The Fire That Almost Took Everything — A Story of ...,Rousseau's Landing,https://rousseauslanding.com/the-fire-that-almost-took-everything-a-story-of-gratitude-community-and-resilience-on-sandbar-lake/,Then a tree fell onto a power line halfway up our driveway. Within ... Looking for the Ultimate Campsite in Northern Ontario? 🏕️ ...
2020,Falling Tree,Toronto city staff inspecting park trees after falling branch kills ...,TownAndCountryToday.com,https://www.townandcountrytoday.com/ontario-news/toronto-city-staff-inspecting-park-trees-after-falling-branch-kills-woman-7353224,BC Parks said the child was at a campground at Okanagan Lake Provincial Park on Saturday when they were hit by a falling tree. ... tree fell onto a tent where a ...
2020,Falling Tree,"THE BEST 10 Campgrounds in LONDON, ON",Yelp,https://www.yelp.ca/search?cflt\u003dcampgrounds\u0026find_loc\u003dLondon%2C+ON,"I would like to recognize Kyle, the new campground manager, for his outstanding response when a tree fell on our camper. As soon as the incident occurred ..."
2020,Falling Tree,NPS Incident Reports - Yosemite National Park,National Park Service History Electronic Library & Archive,https://npshistory.com/morningreport/incidents/yose.htm,Campsites in Upper Pines campground for the period from July 15th to August ... tree fell in Upper Pines Campground in Yosemite Valley around 5 a.m. ...
2020,Falling Tree,List of Canadian tornadoes and tornado outbreaks (2000– ...,Wikipedia,https://en.wikipedia.org/wiki/List_of_Canadian_tornadoes_and_tornado_outbreaks_(2000%E2%80%93present),"July 17 - an EF1 tornado touched down in the morning in a forested area near Hemlock Lake, Ontario, in Algonquin Provincial Park. July 17 - an EF1 ..."
2020,Falling Tree,Wind storm wreaks havoc across southern Ontario,Simcoe Reformer,https://www.simcoereformer.ca/news/local-news/wind-storm-wreaks-havoc-across-southern-ontario,A large tree fell across all three lanes of William Street ... Norfolk OPP Cst. Ed Sanchuk said that OPP communications centres ...
2020,Falling Tree,"Strong winds knock down trees, cut power across Sarnia-Lambton",Sarnia News Today,https://sarnianewstoday.ca/sarnia/News/2020/11/16/strong-winds-knock-trees-cut-power,Hydro Lines were brought down on Arthur Street in Point Edward when a tree fell. Downed branches and power lines were also blamed for outages in the Bright's ...
2021,Drowning,Ontario FD enroute to a drowning of a 10 year old male at ...,Facebook · Procinto Reporting Venue,https://www.facebook.com/groups/Procinto/posts/1259476464117849/,"fsp_sid=29452 (in English and French) Excerpt: OPP investigates drowning of a three-year-old child in Sandbanks Provincial Park, Prince Edward ..."
2021,Drowning,Swimmer drowns at Fitzroy Provincial Park beach - Ottawa,CBC,https://www.cbc.ca/news/canada/ottawa/body-swimmer-fitzroy-provincial-park-1.6141902,An 18-year-old Ottawa woman drowned in the Ottawa River at Fitzroy Provincial Park in the city's west end on Saturday.
2021,Drowning,"🏊🛶National Drowning Prevention Week🏊🛶 ⏰July 18, 2021- ...",Instagram,https://www.instagram.com/longpointpp/p/CReKuF9LKHf/,"... Drowning ... Photo by Long Point Provincial Park on July 18, 2021. ... [Video Clip 1: Two Ontario Parks employees standing on a campsite in front of bushes."
2021,Drowning,3-year-old child drowns while playing with family at popular ...,Global News,https://globalnews.ca/news/11304024/child-drowning-prince-edward-country-sandbanks-ontario/,"At a provincial park beach in Lake Erie, a 35-year-old man from Woodstock, Ont., drowned while trying to save his daughter. His body was ..."
2021,Drowning,London man saves family of 4 all drowning simultaneously ...,Reddit · r/ontario,https://www.reddit.com/r/ontario/comments/ozd9c4/london_man_saves_family_of_4_all_drowning/,"18-year-old facing first-degree murder charge in OPP officer's death near Hearst, Ont. r/ontario. • ..."
2021,Drowning,Woodland Caribou trip-planner,Ontario Parks Blog -,https://blog.ontarioparks.ca/woodland-caribou-planner/,Woodland Caribou Provincial Park is arguably one of Ontario Parks' best destinations for backcountry wilderness camping and canoeing.
2021,Drowning,Lake Ontario Drownings Archives - Lakeside Tribute,lakesidetribute.com,https://lakesidetribute.com/memorials/category/lake-ontario-drownings/,Story about the drowning: The police divers recovered the body of an unknown male from a submerged vehicle in Lake Ontario. The Ontario Provincial Police (OPP) ...
2021,Drowning,Ontario Teen Drowned In Muskoka This Weekend During A ...,Narcity,https://www.narcity.com/toronto/muskoka-drowning-of-teen-happened-during-a-family-camping-trip,CTV reported that the tragedy occurred during a family camping trip in Muskoka. From Your Site Articles. Ontario Drowning Results In 1-Year-Old ...
2021,Drowning,JUST IN: Ontario County Sheriff's deputies say a 4-year-old ...,Facebook · WHEC TV,https://www.facebook.com/News10NBC/posts/just-in-ontario-county-sheriffs-deputies-say-a-4-year-old-boy-has-died-after-dro/1492796766221634/,Liberty Lake Day Camp says the child died during Monday's afternoon swim period for campers entering first and second grade. A lifeguard found ...
2021,Drowning,Surge in drownings across Ontario this year underscores ...,CityNews Toronto,https://toronto.citynews.ca/2025/07/27/ontario-lakes-drownings-opp-warning-lifesaving-society/,"Meanwhile, a three-year-old died while visiting Sandbanks Provincial Park in Prince Edward County with family members on Thursday. The child was ..."
2021,Drowning,Voyageur Provincial Park Management Plan,Ontario.ca,http://www.ontario.ca/page/voyageur-provincial-park-management-plan,"This document provides policy direction for the protection, development and management of Voyageur Provincial Park and its resources."
2021,Drowning,List of drowning victims,Wikipedia,https://en.wikipedia.org/wiki/List_of_drowning_victims,"Tom Thomson, Canadian painter who died in a canoeing accident in Algonquin Provincial Park in 1917. ... Ontario, on January 18, 2003. Riley Fox (born ..."
2021,Drowning,Mille Roches Campground - Camping & Beaches,Parks of the St. Lawrence,https://www.stlawrenceparks.com/to-do/camping/mille-roches-campground/,Mille Roches is known for its' popular camping cabin and has the largest sand beach on the St. Lawrence corridor. 200+ Campsites.
2021,Drowning,Statistics,Great Lakes Surf Rescue Project,https://glsrp.org/statistics/,"08/29/2026 – PINERY PROVINCIAL PARK – LAMBTON SHORES – SWIMMING – SATURDAY, 3 PM – John Doe, M-36 – Around 3 pm Saturday, OPP were called to Pinery Provincial ..."
2021,Drowning,Fitzroy Provincial Park drowning victim was 18-year-old ...,Inside Ottawa Valley,https://www.insideottawavalley.com/news/fitzroy-provincial-park-drowning-victim-was-18-year-old-ottawa-woman/article_23c40421-2743-5e08-acd0-4a1dfc02b8f0.html,“The Ottawa Detachment of the Ontario Provincial Police (OPP) responded to a report of an accidental drowning at Fitzroy Provincial Park at 6:50 p.m. on ...
2021,Drowning,Rock Glen Family Resort,Rock Glen Family Resort,https://rockglenresort.com/,"Proud Member of Camping in Ontario Part of a trusted network of campgrounds committed to quality ... Supporting water safety, training, and drowning prevention ..."
2021,Drowning,Indian Lake Marina and Campground,Camping In Ontario,https://campinginontario.ca/campgrounds/indian-lake-marina-and-campground/,"AMENITIES: Check out our campground specific offerings: Boating (marina, boat launch, or docks); Internet (WiFi at site); Pet-friendly; Pull-thru sites; Store ..."
2021,Drowning,SAD UPDATE FROM THE OPP: The missing swimmer was ...,Facebook · Dan Wiest Around The Community,https://www.google.com/goto?url=CAES1QEB6zswFXnxnSGAPfQUzOyVTv8hf1L7Ec5AVK6ZCxOiMTBBusl5i2k4mGQX5W-65qfBJlkUc7D4lnZBGr8HcoJKZ9RNt5YoniDdIs5b17_7dMz7u0V-tKXwA-jCeBtfiTxRGefp0tfRmK9DCBgY9B-VqwX6pqmvMLHr1uUTGV0oE9umORufSCPSodR6FmyD41UhLBFcH9sf7OoefCFcpLNeu2hJHc7t65EQGZBwhiR9hOKThBWWqewsvpjP3Fj0eSoPDd3P_q2KcZUh_CWxMBCGf6LUMo8,#OPP Media Release DROWNING IN WASAGA BEACH Members of the Huronia West Detachment of the Ontario Provincial Police (OPP) are investigating the ...
2021,Drowning,"R.R.O. 1990, Reg. 565: PUBLIC POOLS""",ontario.ca,https://www.ontario.ca/laws/regulation/900565,... campground” means land or premises used as an overnight camping facility other than a recreational camp; (“terrain de camping”). “child care centre” means a ...
2021,Drowning,Police investigating drowning of Toronto man in Sparrow ...,OrilliaMatters.com,https://www.orilliamatters.com/police-beat/police-investigating-drowning-of-toronto-man-in-sparrow-lake-3938652,"Tragically, Roland Jonker, age 76, from Toronto, was pronounced deceased at the scene. The Orillia OPP is committed to serving our province, ..."
2021,Drowning,Ontario Report 2024,eScribe Meetings,https://townofessex-pub.escribemeetings.com/filestream.ashx?DocumentId\u003d24175,The committee has turned its attention to a case involving the drowning of a young man in. Algonquin Provincial Park. Safety Standards. All existing safety ...
2021,Drowning,Father drowns trying to save daughter at Ontario beach,Global News,https://www.google.com/goto?url=CAEStAEB6zswFaBq_2VV5Slr4Nu7DuD8SpHQN1EK5IxMxMa8ptO6xDQ0M8CtRcYJsyzqCwnipCiZon3Tn2w4QpNiE3_8XJozjZMEcRlfMAJPNmVT6JfzRrbz6VeR2M307aG5nAxtmDO0moCEiDUcyu6XHvyWQ9fSzT6I33gNItU-lSdgYgTtwM1msC1tUmQUQUZhKnYj_bKofQvqvpZZsThvYDSRRf0pkVz5BhVZZiHhJ2uFYD-dDck,The OPP say search and rescue crews have recovered the body of a 35-year-old father who drowned at a provincial park beach in Lake Erie ...
2021,Drowning,"4-year-old found dead after drowning at Ontario farm pond, ...",Global News,https://globalnews.ca/news/11287676/ontario-farm-pond-child-drowning/,"4-year-old found dead after drowning at Ontario farm pond, police say ... An Ontario Provincial Police (OPP) patch is seen in Ottawa, on Sunday, ..."
2021,Drowning,Teen would not have drowned if he wore a life jacket ...,Toronto Star,https://www.thestar.com/news/canada/teen-would-not-have-drowned-if-he-wore-a-life-jacket-teacher-acknowledges-at-trial/article_7a23c428-88cc-57ee-bb98-300cf60b2367.html,TORONTO - A teenage student would not have drowned during a school canoeing and camping trip to Algonquin Provincial Park had he been wearing a ...
2021,Drowning,Red Cross issues water safety warning after child drowns ...,Cottage Life,https://cottagelife.com/general/red-cross-issues-water-safety-warning-after-child-drowns-in-lake-erie/,The Ontario Provincial Police (OPP) have found the body of an eight-year-old boy who went missing in Lake Erie Saturday afternoon.
2021,Drowning,"Another drowning in cottage country, this time Sparrow ...",Muskoka Region,https://www.muskokaregion.com/news/another-drowning-in-cottage-country-this-time-sparrow-lake-severn-township/article_8636ad40-887d-51ef-870d-47f6c171b049.html,"#ThinkBeforeYouSink @OPP_CR pic.twitter.com/56Ot3Sqb44. — OPP Highway Safety Division (@OPP_HSD) June 28, 2021. ARTICLE CONTINUES BELOW. On July 2, the OPP ..."
2021,Bear Attack,What animals are likely involved in a midnight predator ...,Facebook · Ontario Provincial Parks,https://www.facebook.com/groups/316183543088033/posts/1522437165795992/,"Ontario Camping, Hikin... 19K members. Join. Algonquin Provincial Park ... Looks like another bear attack on another dog! Great job ..."
2021,Bear Attack,"Killarney Provincial Park – Ontario, Canada – WAY NORTH",waynorthblog.com,https://waynorthblog.com/2015/07/21/killarney-provincial-park-ontario-canada/,"Although there has never been a fatal bear attack in Killarney Provincial Park, this is unfortunately not true of all Ontario parks. The ..."
2021,Bear Attack,r/ontario - Black bear in Algonquin Provincial Park. There's ...,Reddit · r/ontario,https://www.reddit.com/r/ontario/comments/p83u9g/black_bear_in_algonquin_provincial_park_theres/,"Bears very rarely attack, as long as you put your food away or hang it away from your site you should have no problem. Bears are more afraid of ..."
2021,Bear Attack,"Practise bear safety, officials urge public after 'extremely ...",CBC,https://www.cbc.ca/news/canada/thunder-bay/bear-safety-northwestern-ontario-1.7245835,"Earlier this month, emergency services responded to a bear attack in a remote area of Wabakimi Provincial Park. One person sustained non-life ..."
2021,Bear Attack,List of fatal bear attacks in North America,Wikipedia,https://en.wikipedia.org/wiki/List_of_fatal_bear_attacks_in_North_America,"Main article: 1978 Algonquin Provincial Park bear attack. Canada, Algonquin Provincial Park, Ontario — The three boys were stalked and killed while fishing ..."
2021,Bear Attack,Well isn't this trio beary cute 🐻 These bears were spotted at ...,Facebook · Washington State Parks & Recreation Commission,https://www.facebook.com/WashingtonStateParks/posts/well-isnt-this-trio-beary-cute-these-bears-were-spotted-at-ft-simcoe-state-park-/5230004437016205/,"Well isn’t this trio beary cute 🐻 These bears were spotted at Ft. Simcoe State Park last month! Remember if you see a bear, you're a visitor ..."
2021,Bear Attack,BACK ROADS BILL: Can you survive a black bear attack? ...,SooToday.com,https://www.sootoday.com/columns/back-roads-bill/back-roads-bill-can-you-survive-a-black-bear-attack-experts-weigh-in-10776250,"At about the same time, in 1991, a couple was killed in a rare predatory black bear attack on Bates Island in the provincial park. She was ..."
2021,Bear Attack,"Woman dead, man injured in bear attack in Canada",Orlando Sentinel,https://www.orlandosentinel.com/2005/09/08/woman-dead-man-injured-in-bear-attack-in-canada-2/,"Dr. Jacqueline Perry, 30, from Cambridge, Ontario, and Marc Jordan, 30, were attacked at a remote campsite in Missinaibi Lake Provincial Park, ..."
2021,Bear Attack,First Canada camping 🏕 adventure. No bear attack yet.... . . ...,Instagram · jacobmichie,https://www.instagram.com/p/B4X62aMDQtg/,First Canada camping adventure. No bear attack yet.... . . . . #Ontario #camping #sunset #reflection #lakehuron #pineryprovincialpark # ...
2021,Bear Attack,2023 | English Resources,University of Delaware,https://sites.udel.edu/english/arak-journal/arak-journal-2023/entry/172/,"Camper Harry Walker, who was residing in an illegal camping space on June 25, 1972, was mauled after having left food and waste outside of his site; this attack ..."
2021,Bear Attack,What are the chances of being attacked by a bear while ...,Quora,https://www.quora.com/What-are-the-chances-of-being-attacked-by-a-bear-while-camping-if-you-remain-quiet-and-keep-your-distance-from-them,I'm going to answer from my perspective as a long distance Hiker (2021 ... How can one avoid a bear attack while hiking and camping in an area ...
2021,Bear Attack,Staying Safe While Overlanding in Bear Country,Expedition Overland,https://www.xoverland.com/overlanding-blog/staying-safe-while-overlanding-in-bear-country/,"... campsite than a remote, more primitive site. Why? Because bears are smart. Once they find easy pickings for camp food, they're likely to ..."
2021,Bear Attack,Bear Attacks Statistics 2026 – Global Injuries & Fatalities,World Animal Foundation,https://worldanimalfoundation.org/advocate/bear-attacks-statistics/,"Bear Attack Hotspots. Bear Attack Hotspots. Montana's Glacier ... Algonquin Provincial Park, Ontario, Canada: At nearly 2,983 square ..."
2021,Bear Attack,An analysis of human–black bear conflict in Utah,ResearchGate,https://www.researchgate.net/publication/312213121_An_analysis_of_human-black_bear_conflict_in_Utah,educating the public on camping in bear country. Many events occurred at dispersed campsites ... 2016) and ... BLACK BEAR ATTACK ASSOCIATIONS AND AGENCY ...
2021,Bear Attack,Practical Steps to Surviving A Bear Attack,Counter Assault Bear Spray,https://counterassault.com/blogs/resources/how-to-survive-bear-attack?srsltid\u003dAfmBOorUoPxmwPK7Pt6Ko8meMHNl-4rHaagY3q-NYzgJM6xn3ovQYAry,"In the US, this typically results in one fatal bear attack being recorded annually. ... Algonquin Provincial Park - Ontario, Canada. In North ..."
2021,Bear Attack,"Greatest outdoor fears, ranked",Niagara-on-the-Lake Local,https://www.notllocal.com/opinion/greatest-outdoor-fears-ranked-11833781,... Provincial Park shows areas of prime tick habitat. Owen Bjorgan says ... People with children wouldn't flock to the north if a black bear attack ...
2021,Bear Attack,Bear Safety For Hiking And Camping This Summer,Forever Lost In Travel,https://foreverlostintravel.com/bear-safety-for-hiking-and-camping-this-summer/,Hang bear bags 100 meters or more from camp. Same for bear proof cannisters. You can read more about hanging bear bags in my wilderness camping ...
2021,Bear Attack,Two women survive terrifying black bear attack on their ...,Facebook · The Sportsmen Party,https://www.facebook.com/sportsmenparty/posts/two-women-survive-terrifying-black-bear-attack-on-their-tents-while-campingtwo-e/1463950349096641/,"Two women survive terrifying black bear attack on their tents while camping ... Algonquin Provincial Park, Ontario, Canada: Notable for ..."
2021,Bear Attack,Bear Safety in Canada: What You Need to Know,Off Track Travel,https://offtracktravel.ca/bear-safety-in-canada/,"The easiest way to be 'bear-safe' at a frontcountry campground is to think 'bare'! Your campsite should look almost empty when you're not there, ..."
2021,Bear Attack,"Tag: Ontario provincial park - K2, the Kuvasz, and me",meandmyk2.com,https://meandmyk2.com/tag/ontario-provincial-park/,"Grundy Lake Provincial Park, Ontario – hiking, camping, and observing flora and fauna ... bear attack birding in Sindh Boone camping canada Canada's National ..."
2021,Bear Attack,Rockwood Cinema Review: Backcountry (2014),cottagemixtape.com,https://cottagemixtape.com/2020/05/11/rockwood-cinema-review-backcountry-2014/,"Directed by Adam MacDonald and based on a true incident involving a bear attack that occurred at Missinaibi Lake Provincial Park in Ontario, ..."
2021,Bear Attack,Bear Safety Guidelines for Outdoor Activities | PDF,Scribd,https://www.scribd.com/document/845061094/Bear-Smart-Brochure,"... camping and fishing. Additionally, it highlights the need to report bear ... to a black bear attack. Instead, try to escape into • Diggings • Black ..."
2021,Bear Attack,Brothers seriously injured in Yellowstone bear attack,JHNewsAndGuide.com,https://www.jhnewsandguide.com/news/environmental/brothers-seriously-injured-after-bear-attack-in-yellowstone-national-park/article_e13a3e0c-9048-465a-b11d-6ac167140a4a.html,"... bear attack of the season. ... We also share information about your use of our site with our social media, advertising and analytics partners."
2021,Bear Attack,Grizzly Bear attack in Eastern BNP - ClubTread Community,clubtread.com,https://www.clubtread.com/threads/grizzly-bear-attack-in-eastern-bnp.95579/,"Oct 1, 2023. Two people are dead after grizzly bear attack in Red Deer River Valley, west of Ya-Ha-Tinda. Parks Canada received inReach GPS ..."
2021,Bear Attack,One of the Many Reasons Why Hunting Bears Fails to Reduce ...,Instagram · protect_wildlife_vt,https://www.google.com/goto?url=CAESYwHrOzAVDfQDzm_cuJ5eEoKsonOcqETqRavOyTrgFRqRtjEBlazqvxFl69EP38_GJvzd3VWJvbiY3n--Z_OLU6TTkEkCiuDVCztScnsOAuGCsizRGqJs7nORwzehfCfx4_6S5Q,"According to CBC News, last week's fatal black bear attack that ... Why this matters to you: with so many Canadians camping, hiking and ..."
2021,Bear Attack,Another aggressive bear put down recently | Local News,The Chronicle-Journal,https://www.chroniclejournal.com/news/local/another-aggressive-bear-put-down-recently/article_a4ae5de7-5e6b-4f66-b245-44e9e0c59473.html,"... OPP said in a statement. ""In this case, due to the immediate risk ... In the rare case of a black bear attack, you should fight back."
2021,Bear Attack,Understanding Bear Spray Laws in Canada,Pyzer Criminal Lawyers,https://www.torontodefencelawyers.com/understanding-bear-spray-laws-in-canada/,"While hiking and camping in certain regions, carrying bear spray can be a critical tool to carry for your personal protection to avoid a bear attack."
2021,Falling Tree,Tree falls on car in Martan River Provincial Park during storm,Facebook · Ontario Storm Reports,https://www.facebook.com/groups/ontariostormreports/posts/1617949809844766/,Had a tree fall on my car in Martan River provincial Park during a bad storm this evening
2021,Falling Tree,Sad news to deliver! 1 person is deceased and 2 others were ...,Facebook · Ontario Provincial Police - West Region,https://www.google.com/goto?url=CAESwQEB6zswFUQRTANTxGCUU3vaUVrYjI2xbsOY5V6R3CbEgMdqNrrrH1noafEYAP_8L-jXNXGaSTvqALI1W9QxOzo_EBMBA5zQgYufKcbGtbBa8yLnZ5QujWgROIp8jUf05eFQUMIR-QCiUJ1VTmaZbzPzByNzs7Dcry4CDwb26xOIdECRjLpXkIyliL4hwqH4DeySSEhOiJlKJsEcAxuCzAKKtVOGGff7xoUCPbEFR1i-fELYuCOz8yw3VCQLhxYg5l1g,... Ontario Provincial Police (OPP) ... A child was killed Saturday after a tree fell on them at the Okanagan Lake Provincial Park South campground.
2021,Falling Tree,Woman and child hurt after tree falls near Cumberland ...,Global News,https://www.google.com/goto?url=CAESmAEB6zswFVdV1u1IZcWT9D4J-qEMH1x9lsG2UTAIK6ODieHPwsHdUyzGk2d6dTOSIViQ68qwx-IpcxOG1OTA2ZzRYPt6fVdwKd3YaGNRI4RcWiQpGxcyFIEIsDJKeRAYvBKN1cYziVgRz9ZdCIfk_TEJ16FTDiJqN3OP9M5qqylWRywlSJqXYF0Im4pttNCCFX3HiyzjvjCIQA,At least one person has been seriously hurt after a tree fell on two people at a popular campsite. It happened Thursday afternoon outside ...
2021,Falling Tree,New fear unlocked: falling trees : r/camping,Reddit · r/camping,https://www.reddit.com/r/camping/comments/1ca1i63/new_fear_unlocked_falling_trees/,... tree fell. I couldn't sleep at all that night just praying another ... I almost had a tree land on me while car camping at a provincial park in a ...
2021,Falling Tree,Medicine Hat man dead after being hit by falling tree in ...,CTV News,https://www.ctvnews.ca/calgary/article/medicine-hat-man-dead-after-being-hit-by-falling-tree-in-banff-national-park/,A man from Medicine Hat was killed after a tree fell on him while he was camping in Banff National Park.
2021,Falling Tree,Tree falls on 9-year-old boy sleeping in tent while camping ...,FOX10 News · Emily Van de Riet,https://www.google.com/goto?url=CAESngEB6zswFZFAhgQqzPrtzi0PfYlW4yW2ra3QHU4vW-rV5V1gkfhyitUETQQbTlY3S9_TJlF2l215OtCMbsmm6G_0fjo0EgNzVV9bT86S6UvTG3lQqR3y1qLsASeEJ7qK0wVoHYWkYUTAFGRfEoDgkbYCMlnNw21GZYs0MTa3J-NfIseUDEBiJuFUUCe3avQXoxGVBNZBlmEOr0GkzZYd4w,"COOK COUNTY, Minn. (KBJR/Gray News) – A 9-year-old boy was injured after a tree fell on his tent while he was camping in Minnesota, ..."
2021,Falling Tree,"A downburst, not a tornado, devastated Samuel de ...",CBC,https://www.cbc.ca/news/canada/sudbury/downburst-samuel-de-champlain-1.7570619,"Colin Murphy was camping at Samuel de Champlain with his family, and told CBC News he fractured his femur in four places after a tree crushed ..."
2021,Falling Tree,Camper killed by fallen tree at Lake Minnewanka ...,Global News,https://globalnews.ca/news/8108159/lake-minnewanka-campground-man-killed-tree/,"According to Alberta EMS, a tree fell on the man. Paramedics were called to the campground at about 12:45 a.m. and pronounced him dead at the ..."
2021,Falling Tree,Tree falls on camper killing woman in Maringouin,Facebook · Malcolm Byron,https://www.facebook.com/mbyronwx/posts/tragically-33-year-old-cindy-perritt-passed-away-this-morning-after-a-tree-fell-/1720634993398982/,"Last night's storm tore through our campsite at Silver Lake Provincial Park (Maberly, ON). A tree crushed our neighbour's tent (with them inside) ..."
2021,Falling Tree,"Mother, five-month-old baby killed by falling tree at B.C. ...",Global News,https://globalnews.ca/news/11315217/mother-five-month-old-baby-killed-by-falling-tree-at-b-c-campground/,A 26-year-old mother and her five-month-old child have died after a tree fell on them at a popular Vancouver Island campground on Thursday.
2021,Falling Tree,Raw: Md. man dies after tree falls on his home,Windsor Star,https://windsorstar.com/video/d5a2fa6e-36bd-11ec-8992-acde48001122/raw-md-man-dies-after-tree-falls-on-his-home,"man dies after tree falls on his home. October 27, 2021 1:04. A Maryland man died after a tree fell ... OPP investigating fatal accident in Lakeshore ... Ontario ..."
2021,Falling Tree,Travel & Camping Blog 2024,campingcontent.com,https://campingcontent.com/travel-camping-blog-2024/,"MAY 2024 At the Wilderness Road campground of Cumberland Gap NHP, we've returned to the scene of the crime — the location where a tree fell across the roof ..."
2021,Falling Tree,Woman dies after tree falls on vehicle at Antelope ...,Idaho News 6,https://www.kivitv.com/news/woman-dies-after-tree-falls-on-vehicle-at-antelope-campground,... tree fell on their car when they took shelter from the wind. The pair were camping near the Sage Hen Reservoir at the Antelope Campground.
2021,Falling Tree,Trillium Woods Provincial Park,Wandering Canadians,https://wanderingcanadians.com/2021/11/21/trillium-woods-provincial-park/,"... Ontario | Tagged: hiking, Ontario parks, travel ... A few years ago someone I work with was camping with his family and a tree fell on their tent ..."
2021,Falling Tree,A tree fell on my camper. - Forest River Forums,forestriverforums.com,https://www.forestriverforums.com/threads/a-tree-fell-on-my-camper.362212/,"A tree fell on my camper. Thread starter WeLikeCamping; Start date ... Hope you'll be back to camping soon! Aug 4, 2022 · #11 · 20 · 2005gts ..."
2021,Falling Tree,Lake Ontario is high! News 8's Eric Snitil was out at Webster ...,Facebook · News 8 WROC Rochester,https://www.google.com/goto?url=CAESxQEB6zswFXk1m4xcXQKXAajzkkJXMUSNRN_HIpDrghyjGthu4aLVn3Zz-w_P_lQyeF_f6gWQLtMtj3_nhsAfD9jO5qvn9hpc5uhfAza8ipxnOKRFVxSW7dB9Jh-UKInRPDZqx7pTNPSbOttuyWm3SwsQGToNd99uEL01JgsF3lJQ06ABaxCbGh532Cvd9BpjECDQq_4-tNBo9q0QKB2Hy1qkxM0kwRSadG4hccBlOSuDrLKpGy65EH1x7v1AUfSA6V9hbapIow,"A homeowner describes hearing a loud thump while in his basement as a tree fell near his vehicle, narrowly missing it. Watch: Where did the ..."
2021,Falling Tree,"What if Your Tree Falls on Your Neighbor's Property, or ...",Merchants Insurance Group,https://www.merchantsgroup.com/blog/what-if-your-tree-falls-on-your-neighbors-property-or-vice-versa/,"Whether your tree fell on someone else's property or their tree fell on yours, here are some helpful tips when dealing with the damage."
2021,Falling Tree,Algonquin Park camper seriously injured during wild storm,OrilliaMatters.com,https://www.orilliamatters.com/local-news/algonquin-park-camper-seriously-injured-during-wild-storm-10846304,"... tree fell, resulting in serious injuries to one person. ""The ... The Ontario Provincial Police (OPP) is advising the public that ..."
2021,Falling Tree,Falling tree kills camper near Hoodsport | South Sound,Source ONE News,https://www.yoursourceone.com/south_sound/falling-tree-kills-camper-near-hoodsport/article_efd3df88-41c7-11ec-b5a4-53d60c1981e8.html,... campground when a large maple tree fell on their tent. The two were sleeping in the tent at around 5 a.m. when the 100 to 150-year-old tree ...
2021,Falling Tree,Latest Ontario News - HaltonHillsToday.ca,Halton Hills News,https://www.haltonhillstoday.ca/ontario-news?page\u003d194,"Man, 78, dead after tree fell on him during ice storm cleanup near Peterborough, Ont. Provincial police say a 78-year-old man has died after being struck by a ..."
2021,Falling Tree,"Ontario, Quebec cleaning up after savage storm",The Globe and Mail,https://www.theglobeandmail.com/news/national/ontario-quebec-cleaning-up-after-savage-storm/article20414693/,"A 26-year-old Michigan man was also killed when a tree fell on his tent in Algonquin Provincial Park, south of Kiosk, Ont. Jeff Grey was ..."
2021,Falling Tree,A 13-year-old boy was badly injured when a tree fell onto ...,Facebook · Lansing State Journal,https://www.facebook.com/lsjnews/posts/a-13-year-old-boy-was-badly-injured-when-a-tree-fell-onto-him-at-a-lansing-area-/1504426495047755/,"... tree fell on his tent while he was camping in Minnesota, last night. ... Ontario Provincial Police (OPP) said in a news release Monday evening."
2021,Falling Tree,"84-year-old dies in farming accident, struck by falling tree ...",FarmersForum.com,https://farmersforum.com/84-year-old-dies-in-farming-accident-struck-by-falling-tree-while-riding-tractor-in-peterborough-county/,"Peterborough County OPP and ... According to police, the tractor remained in motion after the tree fell on the driver, entering a ditch."
2021,Falling Tree,Latest Ontario News - BarrieToday.com,Barrie News,https://www.barrietoday.com/ontario-news?page\u003d173,"Man, 78, dead after tree fell on him during ice storm cleanup near Peterborough, Ont. Provincial police say a 78-year-old man has died after being struck by a ..."
2022,Drowning,Ontario FD enroute to a drowning of a 10 year old male at ...,Facebook · Procinto Reporting Venue,https://www.facebook.com/groups/Procinto/posts/1259476464117849/,"fsp_sid=29452 (in English and French) Excerpt: OPP investigates drowning of a three-year-old child in Sandbanks Provincial Park, Prince Edward ..."
2022,Drowning,Lifeguards at Ontario's provincial park beaches would save ...,CBC,https://www.cbc.ca/news/canada/sudbury/ontario-provincial-parks-lifeguards-1.6505724,"On Saturday, a 35-year-old man drowned in Chutes Provincial Park, west of Sudbury. In 2018, a 27-year-old man drowned at the same beach. Man ..."
2022,Drowning,Missing swimmer located deceased in the waters of #LakeErie ...,Facebook · Ontario Provincial Police - West Region,https://www.google.com/goto?url=CAESwwEB6zswFfq2MlIEIsVhQnFZixfLy-fdv5K-r4jgZIkBGMY4TEXrgTQzk02vCLCJz_dpsxXpbWk4NYatIXqY3ItWtlu501fzmHysawCnyTmI8lhm6TyqfCEa0hKISFEvT-LjfPYctFdRWcxw_xwAS56jYuFN04XW0jo_1fZgJ_UowFadTbItyShhQrUsw0U_fKm5guMFTzhRP1UkyZMo0xpk3dQNn06aZVKVbubQqi6mINfpZj-DePh8dl68gW4PQBSKElc,"The #OPP is seeking assistance in #Canada. 02:09. Human remains located in #LakeErie. The #OPP is seeki... Oct 26, 2022 · 18K views. 01:47. Body ..."
2022,Drowning,That's a wrap on the 2022 camping season here at Mikisew ...,Instagram,https://www.instagram.com/p/CjnqLdDLMnV/,That's a wrap on the 2022 camping season here at Mikisew! Thank you to all of our staff and visitors for making this season one to remember!
2022,Drowning,Police Probe Suspected Child Drowning For the second time in ...,Facebook · Our News Bahamas,https://www.google.com/goto?url=CAESxQEB6zswFVt-ipZvTla4xpoJgwOz0hQccceyZQsyKIV2N4fkMcsOA5Y3finHBZTAiZyhs3GWem6nrpDAUPfImZ69r3PcPij0NRctNCO43YklIXeDBXZdKjc8kbI7XXZ6aQ6g2sgxZd0CyJIR2_7ROp9gsIzKCoMhvCfRMWl3du8bPA0WfWHn0MUVe4Fht6dtlPeviw2uBk9sw0C932nUSmAbLUzfY0Xrf2-NvzZUOVBZq_mOlwgtVDF1Rh5A_n94D-daDq_3qA,Toddler drowns at Sandbanks Provincial Park in Ontario. Calvin ... CITY OF KAWARTHA LAKES DROWNING Members of Kawartha Lakes OPP are investigating ...
2022,Drowning,A man was pronounced dead after falling into a lake at ...,Facebook · NorthJersey.com,https://www.facebook.com/northjerseycom/posts/a-man-was-pronounced-dead-after-falling-into-a-lake-at-darlington-county-park-of/1788318359997833/,"OPP say the identity of a 46 year old male is not being released at this time, due to his family not being in Canada and is not aware of the ..."
2022,Drowning,OPP remember young boy during Drowning Prevention ...,Barrie News,https://www.barrietoday.com/police-beat/opp-remember-young-boy-during-drowning-prevention-week-5593196,The OPP would also like to remind beachgoers that life jackets are available to borrow free of charge from any Ontario Parks gatehouse or office ...
2022,Drowning,Manitoulin OPP – Investigation continues into Drowning at ...,Wawa-news.com,https://wawa-news.com/index.php/2022/06/27/manitoulin-opp-investigation-continues-into-drowning-at-chutes-provincial-park/,"Manitoulin OPP – Investigation continues into Drowning at Chutes Provincial Park ... On June 26, 2022 the OPP's Underwater Search and Recovery ..."
2022,Drowning,Passerby rescues two-year-old child who nearly drowned,OrilliaMatters.com,https://www.orilliamatters.com/police-beat/passerby-rescues-two-year-old-child-who-nearly-drowned-5755129,"Passerby rescues two-year-old child who nearly drowned ... On Aug. 23, 2022, at 11 a.m., Bracebridge Ontario Provincial Police (OPP), along with ..."
2022,Drowning,Police investigating drowning in Nottawasaga River,CollingwoodToday.ca,https://www.collingwoodtoday.ca/police-beat/police-investigating-drowning-in-nottawasaga-river-5695190,Members of the Huronia West Detachment of the Ontario Provincial Police (OPP) ... drowning in Wasaga Beach Provincial Park. Initial ...
2022,Drowning,Zack Haskett would be 19 years old if he was still alive. On July ...,Facebook · Ontario Provincial Police - Central Region,https://www.google.com/goto?url=CAESywEB6zswFfMnK3XVbbMvxMz-oxFJezbCmVzCcZvU4YmE-4QQVhpDKhicwpTb6cNAOo0BQ4Qf7CcG6AX3i86iY64QqE0NvG7NAl1FHDqJmhta3mKhheVzzGRjAorPDLCy60l4oXUvaACZ6wMUAH23GreQH90Uv6DsOhKKb1tUg21I28EESXcHz1z4q4Vjj0AVheDCK3IeF3gYoOyAHLDRF25dEPqAL29Igr2V73uys1TDvZ4o8-o9tRNGfUrGsjMIAKW4vV6wc44zLHT94w,A little boy by the name of Zach Haskett lost his life in the water right here in the mouth of the Nottawa Saga River.
2022,Drowning,OPP identify 24-year-old Lake Erie drowning victim,CTV News,https://www.ctvnews.ca/windsor/article/opp-identify-24-year-old-lake-erie-drowning-victim/,Essex County OPP have released the name of the 24-year-old man who died after swimming with friends in Lake Erie last week.
2022,Drowning,Investigation Continues into drowning death at Havilland Bay,Wawa-news.com,https://wawa-news.com/index.php/2022/07/23/ssm-opp-investigation-continues-into-drowning-death-at-havilland-bay/,"SSM OPP – Investigation Continues into drowning death at Havilland Bay. On July 19, 2022, at approximately 9:15 p.m., members from the Sault ..."
2022,Drowning,Drowning death reported in Oastler Provincial Park near ...,CityNews Toronto,https://toronto.citynews.ca/2026/07/21/drowning-death-reported-in-oastler-provincial-park-near-parry-sound/,Drowning death reported in Oastler Provincial Park near Parry Sound ... Ontario Provincial Police (OPP) say one person died after drowning ...
2022,Drowning,Father and young son found deceased in Lake Erie,YouTube · CTV News,https://www.google.com/goto?url=CAESYwHrOzAVmBt-rpqMPIuuRKutOjWY5id4y5FW2QUBVrbMeWkNS-KMJ8jau18X7-wVqZlwCtnO2iyVmBxkeKMA-DoMde9FjtmZNX8pYs266RT7CxUqxreKnyd0ovs-b2PysoCbBA,A father and son have been found dead in Lake Erie Monday after OPP responded to a report of overdue boaters. CTV's Gerry Dewan reports.
2022,Drowning,Passerby rescues two-year-old child who nearly drowned,Sudbury News,https://www.sudbury.com/beyond-local/passerby-rescues-two-year-old-child-who-nearly-drowned-5756571,MACTIER — On August 23 at 11 a.m. Bracebridge OPP along with Muskoka EMS were dispatched to a report of a possible drowning at Stewart Lake ...
2022,Drowning,Incredible (and Useful) Facts About Ontario's Provincial Parks,Northern Ontario Travel,https://northernontario.travel/about/incredible-and-useful-facts-about-ontarios-provincial-parks,Ontario Parks provide barrier-free camping. Barrier-free campsites are available at over 70 provincial parks across Ontario. This means they have features like ...
2022,Drowning,"Algonquin Provincial Park | News, Videos & Articles",Global News,https://globalnews.ca/tag/algonquin-provincial-park/,Ontario Parks to reduce maximum camping stays during height of summer ... Provincial Park during which 15-year-old Jeremiah Perry drowned. Canada. Jun 28 ...
2022,Drowning,OPP identify drowning victim,Windsor News Today,https://windsornewstoday.ca/windsor/news/2022/06/28/opp-identify-drowning-victim,"OPP identify drowning victim. By Maureen Revait. June 28, 2022 - 11 ... David Josue Mendez-Ramirez, 24, was pulled from the water in Leamington on ..."
2022,Drowning,Man dies in apparent drowning near Rogers Rock ...,WRGB,https://cbs6albany.com/news/local/man-dies-in-apparent-drowning-near-rogers-rock-campground,"A 61-year-old man is dead after an apparent drowning in Lake George, near Rogers Rock State Campground. At approximately 1:31 P. M.."
2022,Drowning,Mille Roches Campground - Camping & Beaches,Parks of the St. Lawrence,https://www.stlawrenceparks.com/to-do/camping/mille-roches-campground/,Mille Roches is known for its' popular camping cabin and has the largest sand beach on the St. Lawrence corridor. 200+ Campsites.
2022,Drowning,10-year-old dies after drowning in Camp Dearborn lake,FOX 2 Detroit,https://www.fox2detroit.com/news/10-year-old-dies-after-drowning-in-camp-dearborn-lake,Drowning of boy at Camp Dearborn called tragic accident by investigators. A 10-year old boy died after falling off a floating play structure at ...
2022,Drowning,38-year-old man from Toronto drowns while swimming in ...,Village Report,https://www.villagereport.ca/village-picks/38-year-old-man-from-toronto-drowns-while-swimming-in-northeastern-ontario-lake-9313205,"OPP say the deceased man was found by a local resident. The investigation into the death is ongoing, directed by the Ontario coroner's office."
2022,Drowning,Young man dead in Shadow Lake drowning,The Lindsay Advocate,https://lindsayadvocate.ca/young-man-dead-from-shadow-lake-drowning/,"The death is believed to be non-suspicious, and no foul play is suspected. The City of Kawartha Lakes OPP are continuing the investigation in ..."
2022,Drowning,Father and young son found deceased in Lake Erie,YouTube · CTV News,https://www.google.com/goto?url=CAESYwHrOzAVL5uimxlnzw4GH1t9L70v0gU2YTbKN0TY_atpohQIEE8kFvROl6mLa5-8hO5Ht4V1w-AIILduCz5Ks6q3Js6p_Q3mHhLwKfeADgwr5ynmMlq5OW3NkY4X5qGRm3cq1g,A father and son have been found dead in Lake Erie Monday after OPP responded to a report of overdue boaters. CTV's Gerry Dewan reports.
2022,Drowning,OPP Investigating Drowning Death at Rockwood ...,Grand 101.1 FM,https://thegrand101.com/2022/06/06/opp-investigating-following-drowning-death-at-rockwood-conservation-area/,"OPP Investigating Drowning Death at Rockwood Conservation Area. Centre ... — OPP West Region (@OPP_WR) June 5, 2022. On Air Now. Centre ..."
2022,Bear Attack,Bear safety tips in Ontario's forested areas,Facebook · Rushing River Provincial Park,https://www.facebook.com/RushingRiverPP/posts/dont-forget-we-are-located-in-bear-country-black-bears-live-across-ontario-in-fo/1541995177154981/,"How to protect against bears while camping at Kettle Lakes Provincial Park in Timmins, Ontario? ... Predatory bears A predatory bear attack is ..."
2022,Bear Attack,Charged by a black bear at Lake of Two Rivers in ...,Tripadvisor,https://www.tripadvisor.com/ShowTopic-g319818-i11041-k13341232-Charged_by_a_black_bear_at_Lake_of_Two_Rivers_in_Algonquin_P-Algonquin_Provincial_Park_On.html,"It was exactly, to the day, the 20th anniversary of a very tragic bear attack in the park: on October 11, 1991, a couple were camping on Bates ..."
2022,Bear Attack,1978 Algonquin Provincial Park bear attack,Wikipedia,https://en.wikipedia.org/wiki/1978_Algonquin_Provincial_Park_bear_attack,"1978 Algonquin Provincial Park bear attack ... On May 13, 1978, a male American black bear killed three teenage boys in Algonquin Provincial Park, Ontario, Canada ..."
2022,Bear Attack,"Killarney Provincial Park – Ontario, Canada – WAY NORTH",waynorthblog.com,https://waynorthblog.com/2015/07/21/killarney-provincial-park-ontario-canada/,"Although there has never been a fatal bear attack in Killarney Provincial Park, this is unfortunately not true of all Ontario parks. The ..."
2022,Bear Attack,Bear attack memoir revisited after storm spares fateful ...,BayToday.ca,https://www.baytoday.ca/columns/back-roads-bill/bear-attack-memoir-revisited-after-storm-spares-fateful-campsite-11114543,Bear attack memoir revisited after storm spares fateful campsite. A powerful storm that swept through Ontario this summer left much of Bates ...
2022,Bear Attack,This Black Bear Killed 3 Boys While They Fished,Spotify - Web Player: Music for everyone,https://open.spotify.com/episode/7q62ovwtTMtGIKOqZrzuwP,Welcome back to Scary Bear Attacks! Today's episode takes us to the nearly impenetrable hardwood forests of the Algonquin Provincial Park in ...
2022,Bear Attack,BACK ROADS BILL: Can you survive a black bear attack? ...,SooToday.com,https://www.sootoday.com/columns/back-roads-bill/back-roads-bill-can-you-survive-a-black-bear-attack-experts-weigh-in-10776250,"At about the same time, in 1991, a couple was killed in a rare predatory black bear attack on Bates Island in the provincial park. She was ..."
2022,Bear Attack,Bear Spray? : r/CampingandHiking,Reddit · r/CampingandHiking,https://www.reddit.com/r/CampingandHiking/comments/uhiw5u/bear_spray/,"I am going on a five (5) night hiking trip in Northern Ontario, Killarney Provincial park. ... how to survive a bear attack! Stay safe out ..."
2022,Bear Attack,Bears in Algonquin Park — Everything You Need to Know,Algonquin & Beyond,https://algonquinbeyond.com/blog/bears-in-algonquin-park-everything-you-need-to-know/,"A habituated bear is less likely to run away when they sense humans, and they can become a big nuisance at a campground or campsite. If you encounter a ..."
2022,Bear Attack,Lack of blueberries driving bears closer to residential areas ...,CBC,https://www.cbc.ca/news/canada/thunder-bay/northwestern-ontario-blueberries-bears-1.7637242,"... Ontario Provincial Police (OPP), told CBC on Wednesday. ... Tuesday's incident was the second reported black bear attack in northern Ontario in as ..."
2022,Bear Attack,Fatal black bear attack a safety reminder for outdoor workers,Workplace Safety North,https://www.workplacesafetynorth.ca/en/article-latest-news/fatal-black-bear-attack-safety-reminder-outdoor-workers,"Fatal black bear attack a safety reminder for outdoor workers ... Once they determine that food can be found at your house or campsite, they will ..."
2022,Bear Attack,2023 | English Resources,University of Delaware,https://sites.udel.edu/english/arak-journal/arak-journal-2023/entry/172/,"For the safety of humans and wildlife, campers must educate themselves on bear attack prevention to save their own life and spare the lives of these ..."
2022,Bear Attack,Riding Mountain National Park,Facebook · Riding Mountain National Park,https://www.google.com/goto?url=CAESwwEB6zswFXq5umaBgsaZmXiIoEHcckjrNYQJ2RhVmrmDL7HvBilrC97NiRB_yO_hF9FVmUAdkVx4G0JwXIcRieX2YnnMBLZdAzvbPf9emtH2WfWEiWOmr2QTfx8cX1RFcBmpw2cqfnPP5G6UFTBs70QDxe-FAlfhmksx70__4sp-P1M2g_WzS9NAYT4aDGOHvJPYLX7uiGEBNvswixqJdJ8YT-GdRI-u914rCwuOrR20uD4RWvDYKVVfHqxD6PTNvBXBCno,"... bear attack. Black bears are attracted to any food source and in ... camping in bear country, as well as bear spray. Back in 2005, I ..."
2022,Bear Attack,Algonquin Park bear safety measures needed,Facebook · Algonquin Park,https://www.facebook.com/groups/2222572231/posts/10161532925787232/,I'd go as far as every person on a permit or campsite needs to sign. Write Ontario Parks and Algonquin Park directly and make this a suggestion.
2022,Bear Attack,There's free weekday day use at Ontario Parks this season,SooToday.com,https://www.sootoday.com/local-news/theres-free-weekday-day-use-at-ontario-parks-this-season-3604094,Demand for campsites at the provincially-run campgrounds has skyrocketed this year. ... Bear attack victim ...
2022,Bear Attack,Two men wounded in 'surprise' bear attack while hunting ...,CTV News,https://www.ctvnews.ca/world/article/two-men-wounded-in-surprise-bear-attack-while-hunting-in-wyoming/,Two men wounded in 'surprise' bear attack while hunting in Wyoming ... OPP investigating ...
2022,Bear Attack,"Tag: Ontario provincial park - K2, the Kuvasz, and me",meandmyk2.com,https://meandmyk2.com/tag/ontario-provincial-park/,"In remembrance of K2, our Hungarian Kuvasz (February 13, 2011- May 12, 2022), we visited this provincial park. ... bear attack birding in Sindh Boone ..."
2022,Bear Attack,There have been a number of bear sightings this season ...,Instagram · algonquinportage,https://www.instagram.com/p/C9fHRz_vH5V/,"... bear attack. Learn everything you need to know about using a ... Our mock campsite demonstrates what NOT to do while camping, and our ..."
2022,Bear Attack,Bear Attacks Statistics 2026 – Global Injuries & Fatalities,World Animal Foundation,https://worldanimalfoundation.org/advocate/bear-attacks-statistics/,"Algonquin Provincial Park, Ontario, Canada: At nearly 2,983 square ... 2022 Has Seen an Increase in Bear Attack Numbers in the US. (The ..."
2022,Bear Attack,Two fatal bear attacks in one province in a matter of months ...,Instagram · indiacanada.ca,https://www.google.com/goto?url=CAESYwHrOzAVJE6XrD-MS7-tp1jdOPtT4RWudErF0Cfn0P_etSL8ru5Pt-E5fJa1-gFATJXE-t1VT2zvCF4C3yx4oYI3_JgVj67CwZtMgcYsF8sUQACCXZ9XYh0yXIF3CgCFI6-U3Q,"... bear attack that killed a Saskatchewan couple came just months after ... camping, hiking and living near bear country in the summer ..."
2022,Bear Attack,Staying Safe While Overlanding in Bear Country,Expedition Overland,https://www.xoverland.com/overlanding-blog/staying-safe-while-overlanding-in-bear-country/,"... campsite than a remote, more primitive site. Why? Because bears are smart. Once they find easy pickings for camp food, they're likely to ..."
2022,Bear Attack,The Deadliest Bear Attacks In History - Grunge,grunge.com,https://www.grunge.com/831957/the-deadliest-bear-attacks-in-history/,"... bear attack in North America. ... On May 14, 1978, four boys, ages 12 to 18 were fishing in Algonquin Provincial Park in Ontario, Canada."
2022,Bear Attack,"Vancouver Island park closed after bear runs amok, ripping ...",Vancouver Sun,https://vancouversun.com/news/local-news/vancouver-island-park-closed-after-bear-runs-amok-ripping-tents-getting-into-vehicles,"... bear attack. There was quite a bit of excitement inside ... Before the campsite was evacuated, conservation and parks officers told campers ..."
2022,Bear Attack,The couple killed by a bear in Banff were able to send an ...,Iowa Public Radio,https://www.iowapublicradio.org/news-from-npr/2023-10-06/the-couple-killed-by-a-bear-in-banff-were-able-to-send-an-sos-text-bear-attack-bad,"The two backpackers in Canada's Banff National Park seem to have emptied a can of bear spray, trying to get the animal to leave their camp."
2022,Bear Attack,Bear attack in popup,PopUpPortal,https://www.popupportal.com/threads/bear-attack-in-popup.126628/,"Bear attack in popup. Jump to Latest. 9.1K views 22 replies 15 ... It was not on our site, but on the road through the campground."
2022,Bear Attack,"Fatal bear attack near Mackenzie, BC",Global News,https://www.google.com/goto?url=CAESggEB6zswFX3ER3GzyoMBlt3ejdLzs8Vv6J3P_2dbi1Z1GORl2J2FuWalfRBtGa7r9d56kKd2o_qZDni2ovyHcNaJvVoRxPwUNlk-U4PmcD6cnRHSLkljzRn8DPdr-pgh49F4IiiGWtYm9Gs2NHXA0wVXVVoywbUydrPVhLHAJrhWaykr,"Mon, May 11: A camping trip for a young BC couple has ended in tragedy after a bear attack near Mackenzie. Randene Neill reports."
2022,Bear Attack,Grizzly Bear attack in Eastern BNP - ClubTread Community,clubtread.com,https://www.clubtread.com/threads/grizzly-bear-attack-in-eastern-bnp.95579/,"Oct 1, 2023. Two people are dead after grizzly bear attack in Red Deer River Valley, west of Ya-Ha-Tinda. Parks Canada received inReach GPS ..."
2022,Bear Attack,Ineffective & outdated: Six reasons to not hang a bear bag,Skurka Adventures,https://andrewskurka.com/argument-against-hanging-bear-bag/,"The odds of a bear attack are 1 in 2.1 million (NPS). ... (Im speaking of national parks and Ontario, cant speak for other provincial park systems ..."
2022,Falling Tree,Campers say they're 'lucky' to be safe after tree crushes ...,CBC,https://www.cbc.ca/news/canada/london/pinery-provincial-park-tree-falls-on-campsite-labour-day-1.6580119,Huang was part of a group of 10 friends camping at Pinery Provincial Park on Lake Huron over Labour Day weekend when a falling tree crushed a ...
2022,Falling Tree,"Heavy winds damage tree at Mitchells Bay, ON campsite",Facebook · Ontario Storm Reports,https://www.facebook.com/groups/ontariostormreports/posts/1620613192911761/,Last windy storm uprooted and blew this beech tree down across site 1 and site 2. Luckly it didn't happen during the camping season!! This is ...
2022,Falling Tree,"At least 2 dead, thousands without power after Ontario ...",CGTN · CGTN,https://www.google.com/goto?url=CAEStwEB6zswFc0yx8Z0f3wsKfROY4aghiNwmlwo3xcrHkdJCHWOUedGVVncuraWAbSo7L2HBBYFYDLKvJE3oeWVcwzmpens1MgbQNjiz8-ZXeIm9QWEpI8zKw34dS-Y_V_03bVozS-Tj1piRJP_viKwm4QVYto3QGVCj1LXWzSeSE_F6cfx8HZ3DUIf1dhiVSTfXpxA8SfxDrzOCZ3cQ1dtW5DtbhfOAbtZm_vuSbp3YlJqSsE3fWoHtO4,... tree fell on a camping trailer at Pinehurst Lake. The OPP also said three people had sustained non-life-threatening injuries when trees fell ...
2022,Falling Tree,Ferocious derecho sweeps across eastern Canada killing ...,FOX Weather,https://www.foxweather.com/weather-news/deadly-storms-canada-ontario-quebec,Police said one person was killed and two others were injured when a tree fell onto a camping trailer at the Pinehurst Lake Conservation Area in ...
2022,Falling Tree,The derecho storm that changed Bon Echo Provincial Park,Ontario Parks Blog -,https://blog.ontarioparks.ca/storm-changed-bon-echo/,"Fallen trees covering a road in a provincial park, surrounded by trees that are still. If it weren't for some campsite signposts, it would have ..."
2022,Falling Tree,"At least four dead, thousands without power after storm",EverythingGP,https://everythinggp.com/2022/05/22/at-least-four-dead-thousands-without-power-after-storm/,... OPP said one person was killed and two others were injured when a tree fell on a camping trailer near Pinehurst Lake in Waterloo Region. Trees and power ...
2022,Falling Tree,Sad news to deliver! 1 person is deceased and 2 others were ...,Facebook · Ontario Provincial Police - West Region,https://www.google.com/goto?url=CAESwwEB6zswFa0RDscmqRBlndiFbQ61WTmp0Frg7AH6OqgyndpVEDt501Bu_Jgq4ozQkpSzDgG6drEZ3g3uW_ZWxA2rnoSgWROwfUMvKK10ba1u_EhDiEqSoST45v2jM7C4auGcoy-1ai65uGV7Oy-2NHh2aF1kqAYofpGqZPf-Wfj7UTrh36jUF7ZKUuvXFlUkz1I8bHVba9E9l6LPfczM1Uy4NPYwNXlX5_oiB8Mafd2LJLsnba4dQw0jU2S_i7SRwEKQxOM,1 person is deceased and 2 others were injured after a tree fell on a camping trailer at @PinehurstLake. #OPP continuing to investigate and ...
2022,Falling Tree,"One person killed, two others injured at campground",Brantford Expositor,https://www.brantfordexpositor.ca/news/local-news/severe-storm-rips-through-brantford,... tree fell on a camping trailer at @PinehurstLake. #OPP continuing to investigate and updates will be provided when new information becomes ...
2022,Falling Tree,"Powerful storm rips through Ontario, killing at least two",Reuters,https://www.reuters.com/business/environment/powerful-storm-rips-through-ontario-killing-least-two-2022-05-21/,"Police said one person died and two others were injured after a tree fell on their camping trailer in Brant County, in southern Ontario ..."
2022,Falling Tree,Man dies at Olympic National Park after tree falls on his tent,KATV,https://katv.com/news/nation-world/man-dies-at-olympic-national-park-after-tree-falls-on-his-tent-thomas-bernier-villeneuve-national-park-service-elk-lake-remote-wilderness-campsite-inreach-device,"A Canadian citizen camping at Olympic National Park died Tuesday after a tree fell on his tent, officials said."
2022,Falling Tree,Ontario / Derecho : r/CampingandHiking,Reddit · r/CampingandHiking,https://www.reddit.com/r/CampingandHiking/comments/uwpqc6/ontario_derecho/,"Was also camping during that storm in Ontario!! ... The thunderstorm was scary, the tree fell on your tent, you were lucky and didn't get hurt."
2022,Falling Tree,"Strong, Gusty Winds Knock Tree Onto Ontario Home",NBC Los Angeles,https://www.google.com/goto?url=CAESpwEB6zswFXYR8J5j1PWhZFtx473rVC1DXkpYdLq70ew2jwNqkHyba2_-FLY4BmqjzxtDFD7V3drekHt2iRW5mP8aZdWazx3DX9X07LWdYY7q-lFN_125nWaVcoowmXr7sT4o7VOFsK_Cy4HeyWFlllCN7VfGZ8AcTn2x06Wyobc73jMoeejTXTwlwe8Br1I5EfMGesjDTUfU_h3OckxrhIQfYZg7jfWPOw,"A massive tree fell into the Ontario home, which had three people inside. ... LA City Council lifts ban on anti-camping restrictions in ..."
2022,Falling Tree,"7-year-old girl dies at park after tree falls on tent, officials say",Western Mass News,https://www.westernmassnews.com/2022/07/27/7-year-old-girl-dies-park-after-tree-falls-tent-officials-say/,Officials say a 7-year-old girl has died after a tree fell on a tent in the Elkmont Campground overnight.( ...
2022,Falling Tree,'It was scary': severe thunderstorm wreaks havoc in ...,CTV News,https://www.ctvnews.ca/london/article/it-was-scary-severe-thunderstorm-wreaks-havoc-in-southwestern-ontario/,"OPP are reporting one person is deceased, and two others were injured when a tree fell on a camping trailer at Pinehurst Lake in Brant County."
2022,Falling Tree,"Death count rises, many more injured during Ontario ...",Daily Hive,https://dailyhive.com/vancouver/ontario-thunderstorm-killed-injured,"... tree fell on a camping trailer at Pinehurst Lake. The news comes on ... — OPP West Region (@OPP_WR) May 21, 2022. Ottawa Police said ..."
2022,Falling Tree,A young child has died after a tree came down at an Okanagan ...,Facebook · CHBC - Global Okanagan,https://www.google.com/goto?url=CAESwwEB6zswFV--z3f4aDP1lubv0hWO_i8Qf4TE7r4M9FkR_2rDRpObCXEPKp3IVsEEjjih0cfIpEUzmJmi2-FsdJYXs2XhVTNj5Bu48mHE_v7KZbk32etlV4hHiKI9WMmodW1ngoBLuM1ejfdEA1_hlikxXioWrMa8-iJks64Vqjs4K6zatjeub1ErnJD_ptIUnbcZlD-PQYpu5G2LxDtUVOB8DgXyIHm1ZsyU7cMaoNvblgfogua9GF4UvCo0VQtUTHHgDgA,... Ontario Provincial Police (OPP) ... A child was killed Saturday after a tree fell on them at the Okanagan Lake Provincial Park South campground.
2022,Falling Tree,Two people killed by downed trees across Southern Ontario,CHCH,https://www.chch.com/chch-news/two-people-killed-by-downed-trees-across-southern-ontario/,OPP say one person was killed and two others were injured when a tree fell on their camping trailer in Brant County. Emergency services ...
2022,Falling Tree,Ottawa man camping with child dies when tree falls onto tent,Inside Ottawa Valley,https://www.insideottawavalley.com/news/ottawa-father-dead-child-hurt-after-tree-falls-onto-tent-at-mallorytown-campground/article_28c1f633-bb7d-59c2-a105-4ae3d749d872.html,Email. Leeds County OPP campground death. An Ottawa man died after a large tree fell onto a tent at a Mallorytown campground. Ontario Provincial Police.
2022,Falling Tree,"1 dead, 2 injured at Pinehurst Conservation Area after ...",Global News,https://globalnews.ca/news/8854017/1-dead-2-injured-at-pinehurst-conservation-area-after-ontario-storm/,"In videos shared to Twitter, Ontario Provincial Police (OPP) said ... tree fell on a camping trailer at @PinehurstLake. #OPP continuing ..."
2022,Falling Tree,"Clean-up underway after storm leaves at least seven dead, ...",Barrie 360,https://barrie360.com/ontario-storm-four-dead/,OPP say one person was killed and two others were injured when a tree fell on a camping trailer. News. Source Barrie 360. By Canadian Press.
2022,Falling Tree,December 2022 North American blizzard,Wikipedia,https://en.wikipedia.org/wiki/December_2022_North_American_blizzard,"In northern Frederick County, Maryland, a man died after a tree fell on his car while he was driving west on MD 77. ... In eastern Ontario, the OPP closed all ..."
2022,Falling Tree,Cindy Oldford and Family,GoFundMe,https://www.gofundme.com/f/oldford-family,"Cindy was out camping in Ontario at Bon Echo Provincial Park on Saturday May 21, 2022 when a tree fell on her in an unexpected storm that ..."
2022,Falling Tree,The Fire That Almost Took Everything — A Story of ...,Rousseau's Landing,https://rousseauslanding.com/the-fire-that-almost-took-everything-a-story-of-gratitude-community-and-resilience-on-sandbar-lake/,The camp was settling into the quiet that comes with life at a remote Ontario fishing lodge. Then a tree fell onto a power line halfway up our ...
2022,Falling Tree,A tree fell on my Ram | Page 2,Cummins Diesel Forum,https://www.cumminsforum.com/threads/a-tree-fell-on-my-ram.1523978/page-2,A tree fell on my Ram. Jump to Latest. Augusts's Cummins of the ... hopefully the campground worked with you on a reduced rate or better ...
2022,Falling Tree,Neighbour's tree fell and damaged our garage last night. ...,Instagram · eber14,https://www.instagram.com/p/CpNUFwDgQS9/,"... likes, 3 comments - eber14 on February 28, 2023: ""Neighbour's tree fell ... May be an image of campsite. Photo by Herb Manito on June 21, 2026 ..."
2022,Falling Tree,Travel & Camping Blog 2024,campingcontent.com,https://campingcontent.com/travel-camping-blog-2024/,"MAY 2024 At the Wilderness Road campground of Cumberland Gap NHP, we've returned to the scene of the crime — the location where a tree fell across the roof ..."
2023,Drowning,Witnesses to near-drowning rescue at Chutes Provincial Park,Facebook · Ontario Provincial Parks,https://www.facebook.com/groups/316183543088033/posts/1536819347691107/,"I am looking for witnesses to a near-drowning rescue that happened at Chutes Provincial Park on Saturday, August 5th 2023. ... Ontario Camping, ..."
2023,Drowning,2 men believed drowned in same Prince Edward County ...,Global News,https://globalnews.ca/news/7220842/drowning-deaths-north-beach-provincial-park/,Prince Edward County OPP report two men drowned in separate incidents Sunday at North Beach Provincial Park in Prince Edward County.
2023,Drowning,The recent drownings of a 4 year child and 32 year old male ...,Facebook · Ontario Provincial Police - West Region,https://www.google.com/goto?url=CAESwwEB6zswFQfiTFgMArd4JR2PvPjD7wavPsZwc-37HIB8TjzuxKsJ-SZpmjCaqtWFHiqGCnaChPQfV6YCfJ2ZbVnqca40BvWGomw6SE55tfAzPmgd_q5RsdBya58ikO78b0NYt6ZjBipss3oifSNRB2RC9IEpq7xNrJYFymIbeCnerlkwKbO9ksMx3FY_Lq2l27myGXK7IE3VNlSiyk2nuTAUCdr8kbV_76RBLcutttCArPxQV6FAOIoVNo9pKB52bWnwkaU,The recent drownings of a 4 year child and 32 year old male have the #OPP concerned that people are not wearing life jackets.
2023,Drowning,UPDATE - Tragic Drowning at Silver Falls Provincial Park,NetNewsLedger,https://www.netnewsledger.com/2023/07/06/update-tragic-drowning-at-silver-falls-provincial-park-thunder-bay-opp-investigate-sudden-death/,"UPDATE – Tragic Drowning at Silver Falls Provincial Park: Thunder Bay OPP Investigate Sudden Death. By. NNL Digital News Update. -. July 6, 2023."
2023,Drowning,Ontario Provincial Police - East Region,Facebook · Ontario Provincial Police - East Region,https://www.facebook.com/OPPEast/posts/members-of-the-lanark-county-detachment-of-the-ontario-provincial-police-opp-are/1078549514468900/,... Ontario Provincial Police (OPP) are investigating a drowning incident in Silver Lake Provincial Park ... 2023. The investigation remains ...
2023,Drowning,Lake Ontario Drownings Archives - Lakeside Tribute,lakesidetribute.com,https://lakesidetribute.com/memorials/category/lake-ontario-drownings/,Story about the drowning: The police divers recovered the body of an unknown male from a submerged vehicle in Lake Ontario. The Ontario Provincial Police (OPP) ...
2023,Drowning,Incredible (and Useful) Facts About Ontario's Provincial Parks,Northern Ontario Travel,https://northernontario.travel/about/incredible-and-useful-facts-about-ontarios-provincial-parks,Ontario Parks provide barrier-free camping. Barrier-free campsites are available at over 70 provincial parks across Ontario. This means they have features like ...
2023,Drowning,Staying safe around hydroelectric facilities,Ontario Parks Blog -,https://blog.ontarioparks.ca/staying-safe-around-dams/,"With the support of our partners like Ontario Power Generation, Ontario Parks provides PFD lending programs at 70 provincial parks across the ..."
2023,Drowning,Family of boy who drowned in Sturgeon Falls in 2023 ' ...,CBC,https://www.cbc.ca/news/canada/manitoba/family-boy-drowned-2023-safety-nutimik-9.7280409,"... drowned in Whiteshell Provincial Park. Usaid Habib, 12, slipped off the rocks near Sturgeon Falls on Nutimik Lake in May 2023 and fell into ..."
2023,Drowning,Body of 12-year-old boy recovered by Manitoba RCMP after ...,Global News,https://www.google.com/goto?url=CAESrAEB6zswFSm-XihmtPKAk-kT8Ku8Y_q0BQNM5X-jFI1qR2L4IuntWScTE80bQrooe4I390uXSWuNd-dqKzcPshChqaB4EczbKBbQ24ub5l6EXZ92VOYI_v5UEi4Bz3jOl98zBdgUFhixxlDvodOXY-xp9rPvYVEaRgcwvCF5E-sYc7_DwIbuuZmexZTAU4OfP3ROS_Gsz2UgF-Hn0FMvk9Rbfc1fGK2czBJaJs14,"Watch Body of 12-year-old boy recovered by Manitoba RCMP after Sturgeon Falls drowning Video Online, on GlobalNews ... provincial park following ..."
2023,Drowning,A 65-year-old Oshawa man drowned in Rice Lake on ...,kawarthaNOW,https://kawarthanow.com/2023/07/06/a-65-year-old-oshawa-man-drowned-in-rice-lake-on-wednesday-afternoon/,"A 65-year-old Oshawa man drowned in Rice Lake on Wednesday afternoon (July 5). At around 2 p.m. on Wednesday, Northumberland OPP responded ..."
2023,Drowning,"OPP investigating death of child, possible drowning",Caledon Enterprise,https://www.caledonenterprise.com/news/ontario-provincial-police-investigating-death-of-child-after-reported-drowning-in-backyard-pool-in-caledon/article_514c401b-b8a3-51dd-a172-337df122ec09.html,The OPP are investigating the death of a four-year-old after reports of a drowning at a backyard pool in Caledon on Aug. 20.
2023,Drowning,Drowning at Station Beach,CK News Today,https://cknewstoday.ca/midwestern/news/2023/08/12/drowning-at-station-beach,"A 7-year-old boy was pulled from the water by community members, OPP said. ""He was transported to a local hospital in stable condition where he ..."
2023,Drowning,Killaloe OPP investigate suspected drowning in Dam Lake,Madawaska Valley Current,https://madvalleycurrent.com/2023/07/31/killaloe-opp-investigate-suspected-drowning-in-dam-lake/,"Killaloe OPP is currently investigating a recent suspected drowning death. On July 29, 2023, just before 6:00 p.m., members of the Killaloe ..."
2023,Drowning,Canadian teen died from drowning after dingo attack in ...,BBC,https://www.bbc.com/news/articles/cde4599n8zpo,"... campsite, according to the ABC. In 2023, a woman jogging along a beach on K'Gari was attacked by dingoes, forcing her to run into the ocean."
2023,Drowning,OPP investigating 3 separate drownings in Prince Edward County,CityNews Toronto,https://www.google.com/goto?url=CAESpAEB6zswFY-55JWgwdVlKW1zbndx0H5oY-kCMTIihjl4tRNqucjwP0bO9gOzE6jg2nxaQ8VK_Xxx-CSEvlH9nZIgXik_H5eNZed6STlhgRs79SmK_theZNabq_AbNRf90hVRecyHCGZnwsXym8T1migoWZBpnkV3d0gfkecmmLB839CT6trYLqLNbAk8q69tY2XCXcM0LAQMcLTj51rU4s08U8O08g,"OPP officers are investigating after a three-year-old drowned at Sandbanks Provincial Park. As Nick Westoll reports, there has been a sharp ..."
2023,Drowning,OPP recover drowning victim in Lake Nipissing,BayToday.ca,https://www.baytoday.ca/local-news/opp-recover-drowning-victim-in-lake-nipissing-7245687,"On July 5, 2023, just before 2 p.m., the person, a 69-year-old, from Nipissing First Nation was located deceased by OPP Aviation Services. The ..."
2023,Drowning,OPP investigating suspected drowning in Central ...,Niagara-on-the-Lake Local,https://www.notllocal.com/ontario-news/opp-investigating-suspected-drowning-in-central-frontenac-township-7246035,"OPP investigating suspected drowning in Central Frontenac Township ... Police were called to the area around 4:30 p.m.. Canadian Press Jul 7, 2023 ..."
2023,Drowning,Man dies at Silver Falls Provincial Park,Thunder Bay News - TBNewsWatch.com,https://www.tbnewswatch.com/local-news/man-dies-at-silver-falls-provincial-park-7238624,Man dies at Silver Falls Provincial Park. OPP say the body of a 23 ... Superior North EMS was notified about a possible drowning. After ...
2023,Drowning,As National Drowning Prevention Week continues ...,Facebook · Ontario Provincial Police - Central Region,https://www.google.com/goto?url=CAESywEB6zswFVlrim_GyIbiZhZUU5AI6jurSZkzjN9SU8YTFhKrB3E_wthwxWuxj3UfuvlGSJCb7WCBtOc9pzt5X1lqG0FRk-VXoP4Ha_Iq9Q2pUwpjllNJHZYt2930SHz2xRVMhykQ2WfEBPKNtDQEUA37QDFy9JgaxwTG7T7Wql4_mv9ajxB1w3ubZY1StE5woMpUdMXpA5gXfGTGa5lUkNh7rzQyLfg-gNDOCtlqGfJ_2XdkFjetzotgIVLP2l_wHc2KI7P7JfIIoA-wsA,"... 2023, 11 people have drowned on OPP patrolled waters. In 13 years, 300 people gave lost their lives on OPP patrolled waters and in 256 ..."
2023,Drowning,Darlington Provincial Park (@darlingtonprovpark),Instagram · darlingtonprovpark,https://www.instagram.com/darlingtonprovpark/,"A hidden gem nestled on the North shore of Lake Ontario. Offering close to the city camping, amazing wildlife and year round day use activities."
2023,Drowning,Michigan campground permanently closes lake after ...,FOX 2 Detroit,https://www.fox2detroit.com/news/michigan-campground-permanently-closes-lake-after-multiple-teens-drown,The KOA location in Southeast Michigan was the site of at least two teens drowning since last June.
2023,Drowning,Boating Issues - FOCA answers Ontario cottage country ...,Federation of Ontario Cottagers' Associations,https://foca.on.ca/boating/,"... drowning. Learn about the gasp reflex caused by sudden water ... Dave Moffatt, Provincial Marine Coordinator of the Ontario Provincial Police (OPP) ..."
2023,Drowning,Sunnyside Campground,Cultus Lake Park,https://www.cultuslake.bc.ca/sunnyside-campground/,"Sunnyside Campground is now open for the season. For 2026 camping inquiries, please contact sunnyside@cultuslake.bc.ca. About Sunnyside Campground."
2023,Drowning,OPP investigating 3 separate drownings in Prince Edward County,CityNews Toronto,https://www.google.com/goto?url=CAESpAEB6zswFdR1pJzSSKHS9UKHksUnjgW-bsRSW4VshqpW2_T8N29HBDNxf2y_n6b5V944Ot76Q9FobC2SUsuw9Zd9F8yBjIqQMxXXrCAV438Ogxl54QAIJj9xvHbdeUUbxYj1PrnC8sRomLCY43CH4C88Eiry81ph1jXG-mhuYzUC_1Dv_YGcykNcae0kbRM-H1vIssmvjK88zkN9kFBq9d3wN5OBbA,"OPP officers are investigating after a three-year-old drowned at Sandbanks Provincial Park. As Nick Westoll reports, there has been a sharp ..."
2023,Drowning,1st visit to Canada turns tragic for family of toddler who ...,Global News,https://www.google.com/goto?url=CAESqwEB6zswFdzKuhk-CZAiV7S54g8UcscyDe-9bSq9VCVtkcI3Yo4cKqwuL9ccahHsH8Q9FvqG_71pOmTLlULbaK6ZGil1qT6pmL0aVwDKj5BDXOHRuVx7GIlHwFzIxqZ2ix6qMKKTznkau0QjMqrD9dIGvefoOLRIVoseQUPW8goM3WtTlQl9P3JI1XLTdIMgXNpqn68kMzLEs9NN4vNRxU-pl7MiPncciDk7zrI,"1st visit to Canada turns tragic for family of toddler who drowned near Canmore. June 9, 2023. A two-year-old girl, camping just south of Calgary, has died."
2023,Drowning,'A tragedy': Family of boy who drowned in Manitoba park ...,Yahoo News Canada,https://ca.news.yahoo.com/tragedy-family-boy-drowned-manitoba-213251042.html,"On Wednesday, the body of Maximo Au Ramirez, 10, was recovered near the falls at Nutimik Lake in Whiteshell Provincial Park. Thursday evening, ..."
2023,Drowning,Park Safety - The Friends of Pinery ...,The Friends of Pinery Park,https://pinerypark.on.ca/park-information/park-safety/,"Finally, tell the staff member your campsite number if you are currently camping at the park and have someone (staff or a member of your group) ..."
2023,Bear Attack,Black bears in Algonquin Park: key facts and tips,Facebook · Algonquin Park,https://www.facebook.com/groups/2222572231/posts/10160935770582232/,I was camping on Opeongo right across from Bates island a few days before the fatal bear attack in 1991. Incredibly unnerved to hear about that ...
2023,Bear Attack,'Bear attack bad': final message of Canadian couple killed ...,The Guardian,https://www.theguardian.com/world/2023/oct/05/bear-attack-bad-canadian-hikers-grizzly-banff,'Bear attack bad': final message of Canadian couple killed by grizzly ... Doug Inglis and Jenny Gusse were camping near the Red Deer River
2023,Bear Attack,Tell Me About Your Bear Encounters : r/algonquinpark,Reddit · r/algonquinpark,https://www.reddit.com/r/algonquinpark/comments/1amql6z/tell_me_about_your_bear_encounters/,"The last fatal black bear attack in Algonquin Park was in 1991, and before that was 1978. ... Been backcountry camping in Ontario for 20 years, ..."
2023,Bear Attack,"1. There are only black bears in Algonquin Park, no grizzly ...",Instagram · algonquinbeyond,https://www.instagram.com/p/CyD43CyO0SE/?hl\u003den,"If you camp with your dog, remember to keep them leashed at all times. - 5. Keeping a clean campsite is the best, and most effective deterrent."
2023,Bear Attack,List of fatal bear attacks in North America,Wikipedia,https://en.wikipedia.org/wiki/List_of_fatal_bear_attacks_in_North_America,"Main article: 1978 Algonquin Provincial Park bear attack. Canada, Algonquin Provincial Park, Ontario — The three boys were stalked and killed while fishing ..."
2023,Bear Attack,"Killarney Provincial Park – Ontario, Canada – WAY NORTH",waynorthblog.com,https://waynorthblog.com/2015/07/21/killarney-provincial-park-ontario-canada/,"Although there has never been a fatal bear attack in Killarney Provincial Park, this is unfortunately not true of all Ontario parks. The ..."
2023,Bear Attack,Backcountry campers killed by bear in Banff National Park ...,CBC,https://www.cbc.ca/news/canada/calgary/bear-attack-parks-canada-1.6985580,"... camping trip in Banff National ... But later that evening, he said, he received an SOS from the Garmin that there had been a bear attack."
2023,Bear Attack,Couple killed by bear in Canada 'loved the outdoors',BBC,https://www.bbc.com/news/world-us-canada-67011608,"The day of the attack, the couple said they did not reach their intended camping site, but they had found another site to set up. ... Bear attack ..."
2023,Bear Attack,The Strange Details Behind The 2023 Banff Bear Attack,YouTube · Curiosity Vault,https://www.google.com/goto?url=CAESYwHrOzAVYShLW7N3bbHh2-SyX3GU35KVv76AY4ZAfEAkMQ7qCIol3tLxDMDft5Zmts3udqjkmTzszJnyQ5tU1czGbDvkudgcKyJMfMb7mWP-p7ckR2i_P4bhBNXd-rjbOcZPxQ,A mysterious message sent from a GPS device suggested a bear attack deep inside Banff National Park. Rescuers knew nothing more than that; ...
2023,Bear Attack,2023 | English Resources,University of Delaware,https://sites.udel.edu/english/arak-journal/arak-journal-2023/entry/172/,"Camper Harry Walker, who was residing in an illegal camping space on June 25, 1972, was mauled after having left food and waste outside of his site; this attack ..."
2023,Bear Attack,The Strange Details Behind The 2023 Banff Bear Attack,YouTube · Curiosity Vault,https://www.google.com/goto?url=CAESYwHrOzAVpiEemvb3V--5z2_Cebk5m_LoyFhrV8X_3D-yZ31MT7qrK3z3NkGr7ndSjlTiO-E8SHhtuyKdwHq2sxFSz6TI3awWGFA92tR6WyU6eGqhYrGvZ1poofffxOypAcMKAg,A mysterious message sent from a GPS device suggested a bear attack deep inside Banff National Park. Rescuers knew nothing more than that; ...
2023,Bear Attack,Bear Attacks Statistics 2026 – Global Injuries & Fatalities,World Animal Foundation,https://worldanimalfoundation.org/advocate/bear-attacks-statistics/,"Bear Attack Hotspots. Bear Attack Hotspots. Montana's Glacier ... Algonquin Provincial Park, Ontario, Canada: At nearly 2,983 square ..."
2023,Bear Attack,Grizzly Bear attack in Eastern BNP - ClubTread Community,clubtread.com,https://www.clubtread.com/threads/grizzly-bear-attack-in-eastern-bnp.95579/,"Oct 1, 2023. Two people are dead after grizzly bear attack in Red Deer River Valley, west of Ya-Ha-Tinda. Parks Canada received inReach GPS ..."
2023,Bear Attack,"Tag: Ontario provincial park - K2, the Kuvasz, and me",meandmyk2.com,https://meandmyk2.com/tag/ontario-provincial-park/,... Provincial Park in beautiful Prince Edward County in Ontario in late May 2023. ... bear attack birding in Sindh Boone camping canada Canada's National ...
2023,Bear Attack,How Dangerous Are Black Bears?,North American Bear Center,https://bear.org/bear-facts/how-dangerous-are-black-bears/,"Will a bear attack because it senses you are afraid? No. Most people who ... If a person doesn't want a black bear to come closer, act aggressively. Campground ..."
2023,Bear Attack,Polar Bear Attacks Guy in Artic,Facebook · Forrest Galante,https://www.google.com/goto?url=CAESlwEB6zswFZX2fJSq2TlWlcMk4lrFwx8JO6zJW2EkJyXvWuCXbZDrNx7HlWOQd2IeZnBAHgDYmL8C0WHf4uhBP8FQ13hJPu2fhOJh6_ygOmoTtXQTUEHCXGndeiZmMx8lVKjjcBtDbKQXnZrvHuk6rPfoSz-3FLE0kQeyi8QPabQJ_V63UCZRuENzpAomqAahmeOphXsq3PCl,"Polar bear attack, victim survives. No photo description available ... camping in the tent that night. But of course the nearest ..."
2023,Bear Attack,Staying Safe While Overlanding in Bear Country,Expedition Overland,https://www.xoverland.com/overlanding-blog/staying-safe-while-overlanding-in-bear-country/,"... campsite than a remote, more primitive site. Why? Because bears are smart. Once they find easy pickings for camp food, they're likely to ..."
2023,Bear Attack,Bear Spray Testimonials,UDAP Pepper Power,https://www.udap.com/mm5/Bear-Spray-Testimonials,She stated that the bears would come up from the river and proceed to walk right through our camp site then make the loop and exit the campground further down ...
2023,Bear Attack,Black Bear Vs Grizzly Bear: How To Identify Them And Stay ...,Adventuresome Jo,https://www.adventuresomejo.com/black-bear-vs-grizzly-bear/,"Black bear vs grizzly bear: learn how to tell them apart, avoid dangerous encounters, and react safely while hiking or camping in bear country."
2023,Bear Attack,Backcountry campers killed by bear in Banff National Park ...,Radio-Canada,https://ici.radio-canada.ca/rci/en/news/2015091/backcountry-campers-killed-by-bear-in-banff-national-park-were-on-multi-day-trip-family-says,"... camping trip in Banff National ... But later that evening, he said, he received an SOS from the Garmin that there had been a bear attack."
2023,Bear Attack,Hikers killed by a bear in Banff sent one last message,NPR,https://www.npr.org/2023/10/06/1203928437/couple-grizzly-bear-attack-banff-sent-message,The couple killed by a bear in Banff were able to send an SOS text: 'Bear attack bad' · Jenny Gusse and Doug Inglis died during a backpacking ...
2023,Bear Attack,Fatal black bear attacks are extremely rare despite recent ...,Yahoo News Canada,https://ca.news.yahoo.com/fatal-black-bear-attacks-extremely-080000277.html,"The couple's deaths come less than three months after Hrishikesh Koloth, 27, was killed in another black bear attack at a remote uranium ..."
2023,Bear Attack,Couple injured in bear attack after it entered their home ...,CBC,https://www.cbc.ca/news/canada/thunder-bay/bear-attack-nipigon-ontario-1.7636310,"... Ontario Provincial Police (OPP), told CBC on Wednesday. ""At that ... Bear attack in Sault Ste. Marie, Ont., sends 2 to hospital. Popular ..."
2023,Bear Attack,Man mauled by bear in unprovoked attack; neighbors tried ...,Upper Michigan's Source,https://www.uppermichiganssource.com/2023/06/16/man-mauled-by-bear-unprovoked-attack-neighbors-tried-help-authorities-say/,(KPHO/Gray News) - Authorities in Arizona are investigating a deadly bear attack on Friday morning. ... campsite just before 8 a.m. when the bear ...
2023,Bear Attack,a comparison of reports of fatal grizzly and black bear,Lakehead Knowledge Commons,https://knowledgecommons.lakeheadu.ca/server/api/core/bitstreams/142bad2c-c7dd-43f7-8b7d-e97347515de8/content,"higher bear population, to humans camping and hiking in bear habitats. ... more frequent reports of bear attack fatalities. Bias. News outlets ..."
2023,Bear Attack,What Triggered the Recent Grizzly Attack in Banff?,Explore Magazine,https://explore-mag.com/the-happy-camper-what-triggered-the-recent-grizzly-attack-in-banff/,... Bear attack bad.” Parks Canada received the alert from the Red ... They were base camping for the night at a designated campsite. We ...
2023,Falling Tree,Tree falls on car in Martan River Provincial Park during storm,Facebook · Ontario Storm Reports,https://www.facebook.com/groups/ontariostormreports/posts/1617949809844766/,Had a tree fall on my car in Martan River provincial Park during a bad storm this evening
2023,Falling Tree,Sad news to deliver! 1 person is deceased and 2 others were ...,Facebook · Ontario Provincial Police - West Region,https://www.google.com/goto?url=CAESwQEB6zswFaX6MmN_78YRs0Q7SrAoCfzFjd38p8UmUGiUl5JmoL9GwTVQzZMXc8vYTWh9LbLXopCPulsKdn0YhzLESq3B651NcpsV7u8Yabuyg3WycRguWqCRoLhcoT1_khi_y_5eO0yIGsh9StBCjTw2KVJGQxGS9qWvc6fUBHTHXy23Ih9hJ0wgkVCGNm9OqGBCoE5_SA4geFe-f23L1lHMIBIPSzGdsmtP9C5S0IWP4DiwR-Z5hcbOy0NBGgSlSFWH,... Ontario Provincial Police (OPP) ... A child was killed Saturday after a tree fell on them at the Okanagan Lake Provincial Park South campground.
2023,Falling Tree,GoFundMe for child killed by tree in Okanagan,CityNews Vancouver,https://vancouver.citynews.ca/2023/08/04/gofundme-child-okanagan-tree/,"... tree fell in the Okanagan Lake Provincial Park campground in late July 2023. (Courtesy GoFundMe). By Hana Mae Nassar. Posted August 4, 2023 10: ..."
2023,Falling Tree,A young child has died after a tree came down at an Okanagan ...,Facebook · CHBC - Global Okanagan,https://www.google.com/goto?url=CAESwwEB6zswFV0rlOTzkUY6p0n4mw-XP1U8NInHaHFxjxXcrXYeK7omPuBU5YCTy0FSuGTJzJSY3phkrnxUi_7gYu7UxZr4VYeEFBgkm0mASJHnz_iLh1cU6K8QtG7wIlQPW-WV0genRyVQzm8zi1RGaH9jJ_eb-EP1vslaV6yUY5ALE2xm-APvLwhdKUVkpvUfu-2ffpjuO0duzhNNSMbzAaMPc58uzKZKiIVNBtuwCfrLW9DtMxEpiXPF9N2YpoDELhs6_Jw,... Ontario Provincial Police (OPP) ... A child was killed Saturday after a tree fell on them at the Okanagan Lake Provincial Park South campground.
2023,Falling Tree,"8-year-old girl killed in camping tragedy, officials say",WIS News 10,https://www.wistv.com/2023/09/15/8-year-old-girl-killed-camping-tragedy-officials-say/,An 8-year-old girl and a dog were killed after a tree fell on their tent while they were camping with their family in Idaho last weekend.
2023,Falling Tree,"Downed trees, damaged homes in Essex County, Ont., as ...",CBC,https://www.cbc.ca/news/canada/windsor/windsor-tornadoes-wednesday-1.6919254,"Toppled trees pulled up swathes of grass and pavement, including in Harrow where a massive tree fell dangerously close to a home. ... She says she ..."
2023,Falling Tree,Two people are dead after trees fell on a tent at a ...,"Facebook · WGAL News Channel 8 Susquehanna Valley, Pa.",https://www.facebook.com/wgal8/posts/two-people-are-dead-after-trees-fell-on-a-tent-at-a-campground-in-cumberland-cou/1472847894882947/,"... tree fell on their campsite, park officials said. 7-year-old girl killed while camping with family after tree falls on tent in Smokies. Colby ..."
2023,Falling Tree,'He was our rock': Manitoba man killed after tree fell on tent ...,CTV News,https://www.ctvnews.ca/winnipeg/article/he-was-our-rock-manitoba-man-killed-after-tree-fell-on-tent-remembered-for-his-love-of-family/,"Melville McIntyre, 60, died Monday while camping with his girlfriend at a campground in Manigotogan. RCMP said strong winds from a thunderstorm ..."
2023,Falling Tree,Young girl killed in unthinkable camping tragedy,Idaho News 6,https://www.kivitv.com/news/young-girl-killed-in-unthinkable-camping-tragedy,Young girl killed in unthinkable camping tragedy. A cotton wood tree fell when the family of ten was on a weekend camping trip.
2023,Falling Tree,Manitoba man killed in tent by tree felled during storm: RCMP,Toronto Star,https://www.thestar.com/news/canada/manitoba-man-killed-in-tent-by-tree-felled-during-storm-rcmp/article_95b4b689-17ea-54d8-b2ab-e19e8d11cce4.html,Police responded to a call early Monday about a sudden death at a campground at Manigotagan near Lake Winnipeg. ... tree fell onto a tent where a ...
2023,Falling Tree,Neighbour's tree fell and damaged our garage last night. ...,Instagram · eber14,https://www.instagram.com/p/CpNUFwDgQS9/,"... likes, 3 comments - eber14 on February 28, 2023: ""Neighbour's tree fell ... May be an image of campsite. Photo by Herb Manito on June 21, 2026 ..."
2023,Falling Tree,Tree Damage in Trailer Park: Who's Responsible?,JustAnswer,https://www.justanswer.com/canada-law/py6z9-live-trailer-park-big-tree-fell-trailer.html,"Second Opinion) I live in a mobile park, own my trailer, and pay lot rent. In March of 2023 a large dead tree fell on ... The site and services ..."
2023,Falling Tree,Woman killed by falling tree while walking in provincial ...,thecanadianpressnews.ca,https://www.thecanadianpressnews.ca/national/woman-killed-by-falling-tree-while-walking-in-provincial-park-outside-montreal/article_6a6ce836-2049-5486-92d0-2c7fc003f2ba.html,"... provincial park east of Montreal ... While it's unclear why the tree fell, park authorities say there were strong winds during the noon hour."
2023,Falling Tree,"The Latest: Texas teen, woman killed when storm hits camp",KBTX News 3,https://www.kbtx.com/content/news/The-Latest-Texas-teen-woman-killed-when-storm-hits-camp-387940892.html,Authorities say the group was camping on Basswood Lake in Quetico Provincial Park in Canada when strong winds blew through early Thursday.
2023,Falling Tree,Tree Fell down in my car what is my right?,Reddit · r/legaladvicecanada,https://www.reddit.com/r/legaladvicecanada/comments/15dw1mk/tree_fell_down_in_my_car_what_is_my_right/,Tree Fell down in my car what is my right? British Columbia. I ... Neighbors tree crushed my car. Last night a gust of wind blew my ...
2023,Falling Tree,NPS Incident Reports - Yosemite National Park,National Park Service History Electronic Library & Archive,https://npshistory.com/morningreport/incidents/yose.htm,Campsites in Upper Pines campground for the period from July 15th to August ... tree fell in Upper Pines Campground in Yosemite Valley around 5 a.m. ...
2023,Falling Tree,Man killed by falling tree during storm in Marmora and Lake,Global News,https://globalnews.ca/news/8871535/man-killed-falling-tree-marmora/,Northumberland OPP report a 74-year-old woman in Port Hope died after a tree fell on her around 2:11 p.m. on Saturday. Peterborough County OPP ...
2023,Falling Tree,Travel & Camping Blog 2024,campingcontent.com,https://campingcontent.com/travel-camping-blog-2024/,"MAY 2024 At the Wilderness Road campground of Cumberland Gap NHP, we've returned to the scene of the crime — the location where a tree fell across the roof ..."
2023,Falling Tree,Trillium Woods Provincial Park,Wandering Canadians,https://wanderingcanadians.com/2021/11/21/trillium-woods-provincial-park/,"... Ontario | Tagged: hiking, Ontario parks, travel ... A few years ago someone I work with was camping with his family and a tree fell on their tent ..."
2023,Falling Tree,A camper has died after being struck by a falling tree at ...,Facebook · WCVB Channel 5 Boston,https://www.facebook.com/wcvb5/posts/a-camper-has-died-after-being-struck-by-a-falling-tree-at-a-summer-day-camp-in-w/1630342275788521/,"Fatal incident at Mallorytown campground in Ontario. Missing in ... tree fell at a camp in southern Indiana, sheriff's officials said."
2023,Falling Tree,"TOP 10 BEST Campgrounds in Plympton-Wyoming, ON",Yelp,https://www.yelp.ca/search?find_desc\u003dCampgrounds\u0026find_loc\u003dPlympton-Wyoming%2C+ON,"I would like to recognize Kyle, the new campground manager, for his outstanding response when a tree fell on our camper. As soon as the incident occurred ..."
2023,Falling Tree,Fairbanks Provincial Park – Summer 2021 - Trums Travels,trumstravels.com,https://trumstravels.com/2022/03/24/fairbanks-provincial-park-summer-2021/,"Steps going to the beach from our site The drive to Fairbanks Provincial Park ... So horrible for them, we found out that a huge tree fell on ..."
2023,Falling Tree,Slow progress made to restore provincial park after ...,CityNews Ottawa,https://ottawa.citynews.ca/2025/12/05/slow-progress-made-to-restore-provincial-park-after-devastating-storm/,Clean-up and restoration are continuing five months after a storm destroyed a portion of an Ontario Provincial Park north of Ottawa. ... tree fell ...
2023,Falling Tree,The Fire That Almost Took Everything — A Story of ...,Rousseau's Landing,https://rousseauslanding.com/the-fire-that-almost-took-everything-a-story-of-gratitude-community-and-resilience-on-sandbar-lake/,The camp was settling into the quiet that comes with life at a remote Ontario fishing lodge. Then a tree fell onto a power line halfway up our ...
2023,Falling Tree,"During Wednesday's windstorm, a tree fell in the Fernan ...",Facebook · KREM 2 News,https://www.google.com/goto?url=CAESwAEB6zswFem7BUPGBPMnfsBtjtBLQrBk8BV2sTBwHQ6PtW7h_nfwc96DMDX9D8LZPXS4CnXAxFk-OXXD9Na9zg8kt0LZJpIa9jD4nbSmtDErN4xluHKV74sGPukxhCA2D9hgqI08PxBknJMEUSxjVHlKzBVq_SvzQVTuXQiW0pqdcJEED2Nr5UkpOMg5w9sRNw4RgLaZsmiQxN_iDxGa7uOWj7oe78dJzhdVwIPiW-n3qD2JVDyQ7OEm4ayIb9pmYM0,"... camping trip. Melville McIntyre, 60, was staying at Mantago Bay RV Park and Campground on July 3, when a large tree — sheared in half by ..."
2023,Falling Tree,Canada's top 10 weather stories of 2025,Canada.ca,https://www.canada.ca/en/environment-climate-change/services/top-ten-weather-stories/2025.html,"... tree fell onto his trailer. More ... In nearby Algonquin Provincial Park, heavy rain washed out the only road into a nearby campground."
2023,Falling Tree,"When heat and drought stress trees, the consequences ...",Times Colonist,https://www.timescolonist.com/national-news/when-heat-and-drought-stress-trees-the-consequences-can-be-tragic-11116677,"... campground on Vancouver Island. Then on Aug. 10, a woman was badly injured when part of a large tree fell on her at Pipers Lagoon in Nanaimo ..."
2024,Drowning,💔 MISSING SWIMMER FOUND DECEASED AT PINERY ...,Facebook · Missing in Canada,https://www.facebook.com/missingincanadaofficial/posts/-missing-swimmer-found-deceased-at-pinery-provincial-parka-search-for-a-missing-/1717884140341149/,"Pinery Provincial Park, Ontario Located: Thursday, Aug. 27, 2026 Source: CBC News, citing Lambton County OPP #PineryProvincialPark # ..."
2024,Drowning,Police investigating drowning of three-year-old child at ...,Rocky Mountain Outlook,https://www.rmoutlook.com/ontario-news/police-investigating-drowning-of-three-year-old-child-at-provincial-park-10991011,Ontario Provincial Police say they are investigating after a three-year-old child drowned at a provincial park on Thursday.
2024,Drowning,26-year-old man dead after drowning in Silver Lake Provincial Park,Airdrie City View,https://www.airdriecityview.com/ontario-news/26-year-old-man-dead-after-drowning-in-silver-lake-provincial-park-opp-11086914,"26-year-old man dead after drowning in Silver Lake Provincial Park: OPP ... 29, 2024. THE CANADIAN PRESS ..."
2024,Drowning,Put down your phone while supervising kids in the water ...,Global News,https://globalnews.ca/news/11310903/drowning-lifesaving-society-distractions/,"The OPP are urging residents in eastern Ontario to take proper ... drowning deaths for all of 2024, down from 94 in 2023. It does not ..."
2024,Drowning,The recent drownings of a 4 year child and 32 year old male ...,Facebook · Ontario Provincial Police - West Region,https://www.google.com/goto?url=CAESwwEB6zswFS8xPMufbFOuNwOm_b5rbH8Wf7P24OZ48v0OJuSFdMS4cYFHGrjsrZ2Ood0ITQhjk_MmgnMgqoc5ndsdOzVK1mTu-GcND_17wT3eqN6sF0b9nfzNGExk6x4YO6MxbiSB9-quNao-0_qCUNXK_GC_iQfCCjyCvSFgMZyT3VAyy5r7v51oRTg2jGiQrcbKyrzSbgRnXDUyrUy8L0thjoRT1RrsFAz6L7YQkHy-qIRkBzCI51rMMeHAV1ThsYJv5ik,The recent drownings of a 4 year child and 32 year old male have the #OPP concerned that people are not wearing life jackets.
2024,Drowning,OPP investigating 3 separate drownings in Prince Edward County,YouTube · CityNews,https://www.google.com/goto?url=CAESYwHrOzAVyaQ0pmGhPBcQiXKnkBkZ_F2ZPk8QFWpFN9HnqgR1tuhWE_V-Qnqo5bdlV3LItY_VMv_XnkzU9L_yFhFUsuMvHI9v0FV8nu4wlIFfwXrDtEdLWPfgRmLpoqA1jYJzDw,"OPP officers are investigating after a three-year-old drowned at Sandbanks Provincial Park. As Nick Westoll reports, there has been a sharp ..."
2024,Drowning,"Two dead, including 5-year-old boy, in drownings at ...",Castanet,https://www.castanet.net/news/Canada/575543/Two-dead-including-5-year-old-boy-in-drownings-at-northern-Ontario-lake-OPP,"Two dead, including 5-year-old boy, in drownings at northern Ontario lake: OPP. 2 dead, including 5-year-old. The Canadian Press - Oct 1, 2025 ..."
2024,Drowning,OPP in northeastern Ontario say 6 out of 8 drowning ...,CBC,https://www.cbc.ca/news/canada/sudbury/opp-drownings-lifejackets-1.7608317,Eight people have drowned this year in the northeastern region covered by the OPP. Six of those incidents were related to not wearing life- ...
2024,Drowning,June 28,Instagram · opp_west,https://www.google.com/goto?url=CAESYwHrOzAVJIY5UGnZu__QjiAPUYnZcuS1_4LJdxOlzoYTzSbo91GI6lDvnUsVAieGoBbr84X2p4-kIPJK9F2pzP8iWhxD0YyGb8TX-bkomxLUX0xOPWlaPgjW0mCRbq8C2bd8zg,"Who's down with O.P.P.? Shout out to @ontarioprovincialpolice for keeping everyone safe, down by the river. And shout out to @getdianefarr ..."
2024,Drowning,The recent drownings of a 4 year child and 32 year old male ...,Facebook · Ontario Provincial Police - West Region,https://www.google.com/goto?url=CAESwgEB6zswFQtAFmlTa2t5G_3HomotFcTM73lNrCr-akTjSCYjHDS-rrbEmfxaAkvSfYAkulZR190ATwXdKX0QyG3s8sU1lcBjMWvVUDg9I_rh9aVC6KeDYEFrDFJnrNp9i_Y4TekzVLlxtddyDudp8CcrROmhzgNJCTdI7Ml-O6HqC_ZudEaJTZWhFy1RiG-zDbvLNKWpQSBfrXep31ylSLpw1ddsLm9naudmEWsqsOBcbJbC4gIcMxeCgCKJ5IzBponx4w,The recent drownings of a 4 year child and 32 year old male have the #OPP concerned that people are not wearing life jackets.
2024,Drowning,"Two people, including three-year-old, die in separate ...",thecanadianpressnews.ca,https://www.thecanadianpressnews.ca/health/two-people-including-three-year-old-die-in-separate-ontario-drownings-saturday-opp/article_72e01d02-20b2-5aa6-a3d1-abd77039dbef.html,Police are also investigating the death of another three-year-old who drowned at Sandbanks Provincial Park on Thursday. OPP at the time said the ...
2024,Drowning,The recent drownings of a 4 year child and 32 year old male ...,Facebook · Ontario Provincial Police - West Region,https://www.google.com/goto?url=CAESwwEB6zswFV51n-1IdJTuRBbpeW3OWyRZYSQWbiRSt62SFqAWIaj9lP3yhVotaouq9ACw82G5Bf7-tgUcAIj8VJDYBs1V05_T36XEU_zn88em89THzEI55BFYY6dY_R7_Mm47uNMPor-OcaNOh3-qYgfS0o8YOvFXZd2Xgwtczaqu9In3a7HHQZ02dpTYP6S8dgSDMG_YMwxbjuM_VpX7YAK41ACk4Ipq0wvGi6NmIVxOWcE3Fz3ikJJaoXSuXbP6GiHYLNs,The recent drownings of a 4 year child and 32 year old male have the #OPP concerned that people are not wearing life jackets.
2024,Drowning,Lake Ontario Drownings Archives - Lakeside Tribute,lakesidetribute.com,https://lakesidetribute.com/memorials/category/lake-ontario-drownings/,Story about the drowning: The police divers recovered the body of an unknown male from a submerged vehicle in Lake Ontario. The Ontario Provincial Police (OPP) ...
2024,Drowning,"The LFP Podcast, ep. 179: Remembering Port Stanley ...",London Free Press · lfpress.com,https://www.google.com/goto?url=CAESwAEB6zswFQerm9GLDp0_oAIuATzeG6A2LvO4CetnQcSIk_QB2YXZZlNDP-W15MCDtK2XDW9Azc1KVREsg2MyaydHUfuUyRnbtAYxxpqJQmeoAWKag0SjdYMIQ9xh6vJUZbojbOT0dHWH1AUE5bLAXuzT-_Hkmcs6MSdwu9-jTOO0j_HbqZb_kQJkpQyWeuZmCh4a4WCgMPNwddc_fQ5Bi74jWLikGInp2tXGiQhseQ-beBqhq9Thlj8oRTy8plA-IOA,"... OPP continue investigation into body found in Thorndale. 01:26 ... 179: Remembering Port Stanley drowning victim Omer Buz. July 19, 2024 13 ..."
2024,Drowning,June 28,Instagram · opp_west,https://www.google.com/goto?url=CAESaQHrOzAV5gUxAmKVMO7Cl8RUts464cONtRX9LKjrtOxBwekxWAB6uWSjJ7V8R-CRWBXz0eWrFfkDk4al1G1r__9i0XwugY5nNmD7KANbu38WGeKL5YEamnq28LT-cds0s9KHiorf-msE7w,"Who's down with O.P.P.? Shout out to @ontarioprovincialpolice for keeping everyone safe, down by the river. And shout out to @getdianefarr ..."
2024,Drowning,Two people die in separate drownings in Ontario: OPP,CP24,https://www.cp24.com/news/canada/2025/07/28/two-people-including-three-year-old-die-in-separate-ontario-drownings-saturday-police/,Police are also investigating the death of another three-year-old who drowned at Sandbanks Provincial Park on Thursday. OPP at the time said the ...
2024,Drowning,"ACHRAY CAMPGROUND - Updated Reviews, Photos 2026",Tripadvisor,https://www.tripadvisor.co.uk/Hotel_Review-g319818-d1894001-Reviews-Achray_Campground-Algonquin_Provincial_Park_Ontario.html,"Achray Campground, Algonquin Provincial Park: See 34 traveller reviews, 47 candid photos, and great deals for Achray Campground, ranked #8 of 16 Speciality ..."
2024,Drowning,Drowning in Burleigh Falls this weekend? : r/Peterborough,Reddit · r/Peterborough,https://www.reddit.com/r/Peterborough/comments/1ew1t92/drowning_in_burleigh_falls_this_weekend/,"Hi there, I heard a rumour that there was another drowning this weekend. In burleigh falls -- I live nearby and heard a flurry of a police / ambulance ..."
2024,Drowning,Tag: Sheriff,"Lake County, MN (.gov)",https://lakecountymn.gov/tag/sheriff/,"On June 6, 2024 ... Ontario Provincial Police (OPP) notified Dispatch ... The Medical Examiner Investigator preliminarily ruled it an accidental drowning and the ..."
2024,Drowning,"Father, son die in northern Michigan drowning. What the ...",Yahoo,https://news.yahoo.com/father-son-die-northern-michigan-195316809.html,"Police said a 54-year-old man and a 16-year-old boy, both from Levering, died July 5 at Maple Bay State Forest Campground on Burt Lake. The ..."
2024,Drowning,Four-year-old child dead after drowning in Ontario pond,CHCH,https://www.chch.com/chch-news/four-year-old-child-dead-after-drowning-in-ontario-pond/,"Four-year-old child dead after drowning in Ontario pond ... An Ontario Provincial Police (OPP) patch is seen in Ottawa, on Sunday, Sept. 29, 2024 ..."
2024,Drowning,Four-year-old child dead after drowning in Ontario pond,Sudbury News,https://www.sudbury.com/ontario-news/four-year-old-child-dead-after-drowning-in-ontario-pond-police-10940356,"Four-year-old child dead after drowning in Ontario pond: police ... (OPP) patch is seen in Ottawa, on Sunday, Sept. 29, 2024. THE ..."
2024,Drowning,June 28,Instagram · opp_west,https://www.google.com/goto?url=CAESaQHrOzAVlnkR5NtiKvLJfR2nf2pcBdV1ga2M5KgqSMuaI6Wu13jX_DBax8S35laYkpTFylfQGId9b7Hyaem69pnm-InGtjbgyy1UILpv8TDl7G5HffGhormZzqRsCEC8OX1WqgYp-yKq9g,"Who's down with O.P.P.? Shout out to @ontarioprovincialpolice for keeping everyone safe, down by the river. And shout out to @getdianefarr ..."
2024,Drowning,12-year-old saves family member from potential drowning,EloraFergusToday.com,https://www.elorafergustoday.com/ontario-news/12-year-old-saves-family-member-from-potential-drowning-opp-10906546,The swimmer was taken to hospital where no serious injuries were reported. The OPP commends the “swift and courageous actions” of the young ...
2024,Drowning,38-year-old man drowns while swimming in northeastern ...,ElliotLakeToday.com,https://www.elliotlaketoday.com/local-news/38-year-old-man-drowns-while-swimming-in-northeastern-ontario-lake-9316944,"OPP say the deceased man was found by a local resident. The investigation into the death is ongoing, directed by the Ontario coroner's office."
2024,Drowning,OPP probe death in Lake Ontario off Point Petre in PEC,Belleville Intelligencer,https://www.intelligencer.ca/news/opp-probe-death-in-lake-ontario-off-point-petre-in-pec,"The 66-year-old woman at the time was found unresponsive in the water at Outlet Beach in Sandbanks Provincial Park, police said in a news ..."
2024,Drowning,"Two dead, including 5-year-old boy, in drownings at ...",Cochrane Eagle,https://www.cochraneeagle.ca/ontario-news/two-dead-including-5-year-old-boy-in-drownings-at-northern-ontario-lake-opp-11291061,"Two dead, including 5-year-old boy, in drownings at northern Ontario lake: OPP ... 29, 2024. THE CANADIAN PRESS/Spencer Colby. Provincial ..."
2024,Drowning,Kayaker's drowning underscores importance of life jackets,London Free Press,https://lfpress.com/news/local-news/london-kayakers-drowning-underscores-importance-of-life-jackets-opp,Huron County OPP began the search after receiving calls at about 9:40 p.m. on July 3 about a kayak adrift in Lake Huron in the area of Sunview ...
2024,Bear Attack,Bear Encounter at Grundy Lake in Northern Ontario,Facebook · The view from my window,https://www.facebook.com/groups/271625487184735/posts/1161492678198007/,View from my trailer door window . After night visit from a black bear!!!! Camping at Grundy pp. Ontario Canada
2024,Bear Attack,"Practise bear safety, officials urge public after 'extremely ...",CBC,https://www.cbc.ca/news/canada/thunder-bay/bear-safety-northwestern-ontario-1.7245835,"Earlier this month, emergency services responded to a bear attack in a remote area of Wabakimi Provincial Park. One person sustained non-life ..."
2024,Bear Attack,Tell Me About Your Bear Encounters : r/algonquinpark,Reddit · r/algonquinpark,https://www.reddit.com/r/algonquinpark/comments/1amql6z/tell_me_about_your_bear_encounters/,"The last fatal black bear attack in Algonquin Park was in 1991, and before that was 1978. ... Been backcountry camping in Ontario for 20 years, ..."
2024,Bear Attack,"Killarney Provincial Park – Ontario, Canada – WAY NORTH",waynorthblog.com,https://waynorthblog.com/2015/07/21/killarney-provincial-park-ontario-canada/,"Although there has never been a fatal bear attack in Killarney Provincial Park, this is unfortunately not true of all Ontario parks. The ..."
2024,Bear Attack,An Excerpt from 'How to Survive a Bear Attack',Outside Magazine,https://www.outsideonline.com/culture/books-media/excerpt-how-survive-bear-attack/,This Excerpt from 'How to Survive a Bear Attack' Explores the Mystery of Two Missing Campers. A couple from Toronto went on a camping trip for a ...
2024,Bear Attack,Armstrong: Bear Attack in Wabakimi Provincial Park Sends ...,NetNewsLedger,https://www.netnewsledger.com/2024/06/12/armstrong-bear-attack-in-wabakimi-provincial-park-sends-one-to-hospital/,"... bear attack inside a camp in Wabakimi Provincial Park. Upon arrival ... Ontario, Northwestern Ontario and the world. NNL covers a large ..."
2024,Bear Attack,List of fatal bear attacks in North America,Wikipedia,https://en.wikipedia.org/wiki/List_of_fatal_bear_attacks_in_North_America,"Main article: 1978 Algonquin Provincial Park bear attack. Canada, Algonquin Provincial Park, Ontario — The three boys were stalked and killed while fishing ..."
2024,Bear Attack,Bear Attack In Wabakimi and Drowning in Quetico Illustrate ...,Paddle and Portage,https://paddleandportage.com/2024/06/17/bear-attack-in-wabakimi-and-drowning-in-quetico-illustrate-realities-of-canoe-country-travel/,"An Indiana man was taken to hospital after a bear attack at a fly-in resort in Wabakimi Provincial Park June 12, suffering non-life ..."
2024,Bear Attack,Bear attacks and injures a camper in an Ontario park,INsauga,https://www.insauga.com/bear-attacks-and-injures-a-camper-in-an-ontario-park/,"The attack was reported Wednesday (June 12) around 8:30 a.m. inside a camp in a remote area of Wabakimi Provincial Park, OPP said in a press ..."
2024,Bear Attack,Two women survive terrifying black bear attack on their ...,Facebook · The Sportsmen Party,https://www.facebook.com/sportsmenparty/posts/two-women-survive-terrifying-black-bear-attack-on-their-tents-while-campingtwo-e/1463950349096641/,"Two women survive terrifying black bear attack on their tents while camping ... Algonquin Provincial Park, Ontario, Canada: Notable for ..."
2024,Bear Attack,"Bear attack reported in Wabakimi Provincial Park on June 12, 2024",Facebook,https://www.facebook.com/NorthernBuzz/posts/on-june-12-2024-at-approximately-830-am-members-of-the-armstrong-detachment-of-t/447969811339925/,"... Ontario Provincial Police, along with Emergency Medical Services ... Bear attack reported in Wabakimi Provincial Park on June 12, 2024 ... Ontario ..."
2024,Bear Attack,Armstrong OPP respond to non-life-threatening bear attack,Wawa-news.com,https://wawa-news.com/index.php/2024/06/12/armstrong-opp-respond-to-non-life-threatening-bear-attack/,... bear attack inside a camp in a remote area in Wabakimi Provincial Park. ... (OPP) provide policing services throughout Ontario. Our officers ...
2024,Bear Attack,"Tag: Ontario provincial park - K2, the Kuvasz, and me",meandmyk2.com,https://meandmyk2.com/tag/ontario-provincial-park/,"Grundy Lake Provincial Park, Ontario – hiking, camping, and observing flora and fauna ... bear attack birding in Sindh Boone camping canada Canada's National ..."
2024,Bear Attack,There have been a number of bear sightings this season ...,Instagram · algonquinportage,https://www.instagram.com/p/C9fHRz_vH5V/,"... bear attack. Learn everything you need to know about using a ... Our mock campsite demonstrates what NOT to do while camping, and our ..."
2024,Bear Attack,Bear Attacks Statistics 2026 – Global Injuries & Fatalities,World Animal Foundation,https://worldanimalfoundation.org/advocate/bear-attacks-statistics/,"If you camp at a roadside campground, the odds increase to 1 in 26.6 million. While the chance of an attack by a bear while hiking in the ..."
2024,Bear Attack,Backcountry (2014),IMDb,https://www.imdb.com/title/tt2944198/,"Based on the true story of Jacqueline Perry and Mark Jordan, who in 2005 were attacked by a bear at a campsite in Missinaibi Lake provincial park about 80 ..."
2024,Bear Attack,2023 | English Resources,University of Delaware,https://sites.udel.edu/english/arak-journal/arak-journal-2023/entry/172/,"Camper Harry Walker, who was residing in an illegal camping space on June 25, 1972, was mauled after having left food and waste outside of his site; this attack ..."
2024,Bear Attack,Access restricted to park interior after fatal bear attack,SooToday.com,https://www.sootoday.com/local-news/access-restricted-to-park-interior-after-fatal-bear-attack-98827,... bear attack. The last bear attack fatality in an Ontario provincial park occurred in 1991 in Algonquin. *******************. Facebook.
2024,Bear Attack,Adam Phipps Frightening Black Bear Attack,YouTube · Scary Bear Attacks,https://www.google.com/goto?url=CAESYwHrOzAV43TiA5ftGpcBc8AYk2jsBfp6oG7LdA9Vd_OgjkjzDKB48COc5DT2Bfl9Bp-3o2OE8UHj2YPrh7Dqy7nEfbyAowDa-itAwiSKK-V5xrs3gehszrRFFzFjMEMtdwhqlw,... camp along the lakeshore each night. The lakes offered walleye ... Jeremy Evans Bear Attack: A Testament of The Human Will to Survive ...
2024,Bear Attack,Toronto author Claire Cameron's memoir investigates a ' ...,CBC,https://www.cbc.ca/books/toronto-author-claire-cameron-s-memoir-investigates-a-shocking-predatory-bear-attack-read-an-excerpt-now-1.7307355,"In How to Survive a Bear Attack, Cameron investigates a 1991 bear attack that killed a couple camping in Ontario's Algonquin Provincial Park, a ..."
2024,Bear Attack,How Dangerous Are Black Bears?,North American Bear Center,https://bear.org/bear-facts/how-dangerous-are-black-bears/,"Will a bear attack because it senses you are afraid? No. Most people who ... If a person doesn't want a black bear to come closer, act aggressively. Campground ..."
2024,Bear Attack,Bear attack in popup,PopUpPortal,https://www.popupportal.com/threads/bear-attack-in-popup.126628/,It's those idiots who are more likely to have a bear attack if a ranger didn't spot it first. When I camp in bear country I listen and follow ...
2024,Bear Attack,'Bear attack bad': final message of Canadian couple killed ...,The Guardian,https://www.theguardian.com/world/2023/oct/05/bear-attack-bad-canadian-hikers-grizzly-banff,'Bear attack bad': final message of Canadian couple killed by grizzly ... Doug Inglis and Jenny Gusse were camping near the Red Deer River
2024,Bear Attack,How to stay safe in a surprise bear encounter Less than ...,Instagram · beeswildlife,https://www.google.com/goto?url=CAESaQHrOzAVG0iCt3FYGdSdIC1_eQcI8TyJbVKyRpsFH_f7bMM-ewuvDYhtY7GuR736XlsjkiUrNhDsNRuOKOBTQyoL1GbUQP374aANgyfa03QkuB0undhpIvOTORVkJdk2_qHYsV5ettOSKA,Bear spray is your most effective defense against a threatening bear it has even been proven to be more effective than firearms.
2024,Bear Attack,Video: Woman recounts bear attack that killed Grand ...,MLive.com,https://www.mlive.com/news/grand-rapids/2010/07/woman_recounts_bear_attack_tha.html,"The bear attack was the most brazen in the Yellowstone area since the 1980s, officials said. In 2008 at the same campground, a grizzly bear bit ..."
2024,Bear Attack,"B.C. man dragged from campsite, attacked and killed by bear",Cottage Life,https://cottagelife.com/general/b-c-man-attacked-and-killed-by-bear-after-being-dragged-from-campsite/,Last weekend a 27-year-old man was dragged from his campsite and killed by a black bear after falling asleep near the site's fire pit.
2024,Bear Attack,POLAR BEARS ATTACKS IN CANADA,Facts and Details,https://factsanddetails.com/asian/Northern_Asian_and_European_Animals/sub2_8d/entry-9504.html,"“Two people remain in hospital in Iqaluit, about 100 kilometres from the camp site. Alain Parenteau, 31, has injuries to his head, neck, and side. Patricia ..."
2024,Falling Tree,Tree falls on 9-year-old boy sleeping in tent while camping ...,WBAY,https://www.wbay.com/2024/06/19/tree-falls-9-year-old-boy-sleeping-tent-while-camping-sheriff-says/,"A 9-year-old boy was injured after a tree fell on his tent while he was camping in Minnesota, officials said."
2024,Falling Tree,"Tree falls on family while camping, kills child - 13WHAM",13wham.com,https://13wham.com/news/nation-world/tree-falls-on-family-while-camping-kills-child?photo\u003d2,(KVAL) – One child died and a family went to the hospital after a tree fell on them while they were camping in the Fall Creek area Friday night.
2024,Falling Tree,Tree fell near the narrows at Bon Echo,Facebook · Bon Echo Provincial Park,https://www.facebook.com/groups/7618406061/posts/10165114432781062/,"... tree fell onto a high-voltage power transmission line near Bon Echo Provincial Park, in an isolated area off Highway 41 south of the Renfrew ..."
2024,Falling Tree,New fear unlocked: falling trees : r/camping,Reddit · r/camping,https://www.reddit.com/r/camping/comments/1ca1i63/new_fear_unlocked_falling_trees/,... tree fell. I couldn't sleep at all that night just praying another ... I almost had a tree land on me while car camping at a provincial park in a ...
2024,Falling Tree,Two people killed by downed trees across Southern Ontario,CHCH,https://www.chch.com/chch-news/two-people-killed-by-downed-trees-across-southern-ontario/,OPP say one person was killed and two others were injured when a tree fell on their camping trailer in Brant County. Emergency services ...
2024,Falling Tree,Fallen tree causes minor damage to uninsured driver in Augusta,CityNews Ottawa,https://ottawa.citynews.ca/2024/06/14/fallen-tree-caused-minor-damage-to-uninsured-driver-in-augusta/,"In this image OPP are helping a driver after a tree fell on their car. (OPP). By Natasha O'Neill. Posted Jun 14, 2024 12:31:28 PM. Last Updated Jun 14, 2024 12: ..."
2024,Falling Tree,A 13-year-old boy was badly injured when a tree fell onto ...,Facebook · Lansing State Journal,https://www.facebook.com/lsjnews/posts/a-13-year-old-boy-was-badly-injured-when-a-tree-fell-onto-him-at-a-lansing-area-/1504426495047755/,"... tree fell on his tent while he was camping in Minnesota, last night. ... Ontario Provincial Police (OPP) said in a news release Monday evening."
2024,Falling Tree,Massive Storms Rattle Backcountry Campers In Algonquin ...,Paddling Magazine,https://paddlingmag.com/stories/news-events/algonquin-storms-rattle-campers-june-2025/,Near North Depot Lake in Algonquin Provincial Park a boy was seriously injured when a tree fell on his tent while he was camping with his mother ...
2024,Falling Tree,"A downburst, not a tornado, devastated Samuel de ...",CBC,https://www.cbc.ca/news/canada/sudbury/downburst-samuel-de-champlain-1.7570619,"Colin Murphy was camping at Samuel de Champlain with his family, and told CBC News he fractured his femur in four places after a tree crushed ..."
2024,Falling Tree,Tree fell on camper...new roof question - Sunline Owners Club,sunlineclub.com,https://www.sunlineclub.com/threads/tree-fell-on-camper-new-roof-question.1004261/,Tree fell on camper...new roof ... So it will be awhile before we get to go camping again...and the weather is perfect all of the sudden.
2024,Falling Tree,"Fallen Trees | Insurance, Liability, and More",squareone.ca,https://www.squareone.ca/resource-centres/insurance-basics/fallen-trees,The tree fell due to an insured peril; The tree damaged an insured ... Site map · App Store Logo Play Store Logo. Insurance is sold by ...
2024,Falling Tree,Travel & Camping Blog 2024,campingcontent.com,https://campingcontent.com/travel-camping-blog-2024/,"MAY 2024 At the Wilderness Road campground of Cumberland Gap NHP, we've returned to the scene of the crime — the location where a tree fell across the roof ..."
2024,Falling Tree,How to Handle Tree Damage at Campgrounds,Marshall+Sterling,https://marshallsterling.com/how-to-handle-tree-damage-at-campgrounds-essential-strategies-for-risk-management/,"As camping season approaches, campground managers must prepare for the ... When the tree fell and caused damage to the camper's RV, our ..."
2024,Falling Tree,Boy on school field trip to nature center dies after tree falls ...,WIS News 10,https://www.wistv.com/2024/09/27/boy-school-field-trip-nature-center-dies-after-tree-falls-him/,"The boy was a student at Our Lady of Victory Catholic School in Northville, and he was taking part in an overnight camping field trip at the ..."
2024,Falling Tree,OPP East Region on X,X · OPP_ER,https://x.com/OPP_ER/status/1801571593170092542,"Tree fell from the storm as the driver passed, fortunately only minor injury. ... OPP East Region@OPP_ERFollow. Ontario Provincial Police ..."
2024,Falling Tree,Camp grapples with tragedy,Jewish Telegraphic Agency,https://www.jta.org/2006/07/26/lifestyle/camp-grapples-with-tragedy,"Grey, 26, of Oak Park was killed July 17 when a tree fell on his tent during a thunderstorm in Algonquin Provincial Park in northern Ontario ..."
2024,Falling Tree,"Powerful storm rips through Ontario, killing at least two",Gulf Daily News (Bahrain),https://www.gdnonline.com/Details/1082877,"Police said one person died and two others were injured after a tree fell on their camping trailer in Brant County, in southern Ontario ..."
2024,Falling Tree,Jason Van Horn,ABC7 WWSB,https://www.mysuncoast.com/authors/jasonvanhorn/,"A 9-year-old boy was injured after a tree fell on his tent while he was camping in Minnesota, officials said."
2024,Falling Tree,3 teens sent to hospital after tree falls on tent in southern ...,Global News,https://www.google.com/goto?url=CAESrAEB6zswFaeGCzgBUpzDnLhHcAWszcgg7el1sCWwHZqOBcm3lgn-Kl-NmZpY22UbrtQdA5X2YHXugSQGQC3WSPVl7NhQxHBhY3CfakSPcTP4nT9L49a5FRVMorjAS7L1rYriFOE9LuYjyHXEEUMK4nH190GXssyG4odNS9GFwmMn1OpzH1w1Td3I1qB9Cd--_I0FdZZHF2ucbGG-uDWDNCklqd50E0CLycWxIm_3,Three teens were sent to hospital after a tree fell on their tent. Adam Toy reports. Read more: 3 teens hospitalized after storm hits campground ...
2024,Falling Tree,Hurricane Debby,Wikipedia,https://en.wikipedia.org/wiki/Hurricane_Debby,"A 19-year-old died in Moultrie after a tree fell on his home. Due to ... ↑ ""Live coverage of Tropical Storm Debby: 19 people rescued at Campground Island""."
2024,Falling Tree,"OPP awards honour Northern Ontario citizens, police",SooToday.com,https://www.sootoday.com/local-news/opp-awards-honour-northern-ontario-citizens-police-109715,"OPP awards honour Northern Ontario citizens, police. The following will ... During the storm, a large tree fell on the tent occupied by the counsellors ..."
2024,Falling Tree,Severe Thunderstorms and Widespread Flooding from ...,National Weather Service (.gov),https://www.weather.gov/dlh/june2024flood,Tree fell on a person in a tent injuring them and was extracted by local Search and Rescue Squad and was sent to a local hospital. Several ...
2024,Falling Tree,"Clean-up underway after storm leaves at least seven dead, ...",Barrie 360,https://barrie360.com/ontario-storm-four-dead/,OPP say one person was killed and two others were injured when a tree fell on a camping trailer. News. Source Barrie 360. By Canadian Press.
2024,Falling Tree,Jason Van Horn,KPTV,https://www.kptv.com/authors/jasonvanhorn/,"A 9-year-old boy was injured after a tree fell on his tent while he was camping in Minnesota, officials said."
2024,Falling Tree,Walz adds Guard to search for 2 paddlers who went over ...,Star Tribune,https://www.startribune.com/heres-whats-being-done-to-find-2-missing-paddlers-who-went-over-bwcaw-waterfall/600368174,"... site between Crooked Lake and Iron Lake on the Minnesota-Ontario border. ... tree fell on him. Craig Walz's son, Jacob, who was 14 then ..."
2025,Drowning,Ontario Provincial Police - East Region,Facebook · Ontario Provincial Police - East Region,https://www.facebook.com/OPPEast/posts/members-of-the-lanark-county-detachment-of-the-ontario-provincial-police-opp-are/1078549514468900/,"... (OPP) are investigating a drowning incident in Silver Lake Provincial Park. On Saturday, August 16, 2025, at approximately 4:30 p. m., OPP ..."
2025,Drowning,OPP investigating drowning of 3-year-old child at ...,CityNews Toronto,https://toronto.citynews.ca/2025/07/25/child-drowning-sandbanks-provincial-park/,"OPP investigating drowning of 3-year-old child at Sandbanks Provincial Park ... Sandbanks Provincial Park in Prince Edward County on July 25, 2025 ..."
2025,Drowning,National Drowning Prevention Week 2025 - Northumberland OPP,Facebook · Ontario Provincial Police - Central Region,https://www.google.com/goto?url=CAESswEB6zswFcaFi2e0xeGHW5jMBttAsYsOMiIRN_bnRNs_8s2MAMedM6-VYyWWRUPMtwCuty1sv2PKzXu75hjr0c3Z5zQjhUBktqzdowz93myHYwZ7xAWdbsqgjM_xPm5Qmq17RTKIs0VOaoHSs7BWNtbbWHSS7F3SAdFj63YYJ2iytU59Prt3E_Kfrp3RvlTVqKCspTWF_Jt1TWajDlJjJSza3-F98Sdv6WopiCoWmnT2POhPiw,The OPP have responded to 10 fatal marine fatalities in eastern Ontario so far during the 2025 summer season. ... National Drowning Prevention ...
2025,Drowning,26-year-old man dead after drowning in Silver Lake ...,Rocky Mountain Outlook,https://www.rmoutlook.com/ontario-news/26-year-old-man-dead-after-drowning-in-silver-lake-provincial-park-opp-11086914,26-year-old man dead after drowning in Silver Lake Provincial Park: OPP.
2025,Drowning,OPP investigating drowning of 3-year-old child at ...,CTV News,https://www.ctvnews.ca/toronto/article/opp-investigating-drowning-of-3-year-old-child-at-sandbanks-provincial-park/,"OPP investigating drowning of 3-year-old child at Sandbanks Provincial Park. By. The Canadian Press. Opens in new window. Published: July 26, ..."
2025,Drowning,Ontario FD enroute to a drowning of a 10 year old male at ...,Facebook · Procinto Reporting Venue,https://www.facebook.com/groups/Procinto/posts/1259476464117849/,"fsp_sid=29452 (in English and French) Excerpt: OPP investigates drowning of a three-year-old child in Sandbanks Provincial Park, Prince Edward ..."
2025,Drowning,"2 people, including child, die in separate Ontario drownings",Global News,https://globalnews.ca/news/11306986/ontario-drownings-child-kayaker/,Police are also investigating the death of another three-year-old who drowned at Sandbanks Provincial Park on Thursday. OPP at the time said the ...
2025,Drowning,OPP investigating 3 separate drownings in Prince Edward County,YouTube · CityNews,https://www.google.com/goto?url=CAESYwHrOzAVF1dWcP1OptcxTVk_nS-Kqo5AWpNuAoopCXNflNZiYyYeyhCZne5J_6pRlpOZ80tjmy5SfDgq2rxQc-0CaHfT2I_M8AFxC4vsLH6shqLHI8w3Q9kcQ7ThpaPxc6LP4A,"OPP officers are investigating after a three-year-old drowned at Sandbanks Provincial Park. As Nick Westoll reports, there has been a sharp ..."
2025,Drowning,Swimmer drowns in Silver Lake after jumping from canoe,CBC,https://www.cbc.ca/news/canada/ottawa/swimmer-drowns-in-silver-lake-after-jumping-from-canoe-1.7611045,"A 26-year-old man drowned Saturday afternoon while swimming at Silver Lake Provincial Park, Ontario Provincial Police say."
2025,Drowning,Family's near-drowning incident at Algonquin Park,Facebook · Algonquin Park,https://www.facebook.com/groups/2222572231/posts/10164443049437232/,"Jeremiah Perry, 15, who drowned earlier this week during a camping trip to a park in Ontario. Perry and his brother were among a group of 33 ..."
2025,Drowning,This has already been a tragic summer on waterways in ...,Facebook · Ontario Provincial Police - East Region,https://www.google.com/goto?url=CAESwgEB6zswFRQWkX4M6oAUtLwcr7scOR9W0idF3ikRU7YGIH6CL0R05kgsisWZK_SvJrwUKFGlf1yN_K0q9s0ciAD3ywUCequD_Z0GUitephMPgIaq9y7uLffrx7zInKRPeLCQGTsgz0vyVrORpO-oNRlqiP-8r_lFPV7QFbn8D1g2g3VcwWhUqNae3Dhu034qMVb2T0Ev_GRnzZF33f9pGDiKfwRU2myJBeQ-4jx_3q1UUZd3-UtstscqjfFVOrA_28yqzw,"In addition to boating incidents, three young children have drowned while swimming. The OPP is calling on everyone to help us ensure this stops ..."
2025,Drowning,Four-year-old child dead after drowning in Ontario pond,105.9 The Region,https://1059theregion.com/four-year-old-child-dead-after-drowning-in-ontario-pond-police/,"Police say a four-year-old child is dead after drowning in a pond in Proton Station, Ont. Ontario Provincial Police say officers were called ..."
2025,Drowning,"Two dead, including 5-year-old boy, in drownings at ...",TownAndCountryToday.com,https://www.townandcountrytoday.com/ontario-news/two-dead-including-5-year-old-boy-in-drownings-at-northern-ontario-lake-opp-11291061,"Two dead, including 5-year-old boy, in drownings at northern Ontario lake: OPP. Provincial police say two people, including a five-year-old, are ..."
2025,Drowning,Ontario Teen Drowned In Muskoka This Weekend During A ...,Narcity,https://www.narcity.com/toronto/muskoka-drowning-of-teen-happened-during-a-family-camping-trip,Ontario Teen Drowned In Muskoka This Weekend During A Family Camping Trip. The 18-year-old's body was found on Sunday.
2025,Drowning,3-year-old child drowns while playing with family at popular ...,Global News,https://globalnews.ca/news/11304024/child-drowning-prince-edward-country-sandbanks-ontario/,"At a provincial park beach in Lake Erie, a 35-year-old man from Woodstock, Ont., drowned while trying to save his daughter. His body was ..."
2025,Drowning,The Montour County Coroner has released the name of a 16- ...,Instagram · 2822news,https://www.google.com/goto?url=CAESYwHrOzAVXbS9jVIJ3qQboqIpwsqmY-AwzWqdweydZXvAJVh-w7FxFGwdmETdSRnqoHT3a1rt1Pac3QiPkq2R6vwfLm6CPCo-QYgoNlh5ibIq3wkVWMPybHX15Z9xCCzhUhRVdg,"2 dead in Muskoka boating crash, OPP confirm. Ontario Provincial Police say the bodies of two people have been recovered from Lake Rosseau ..."
2025,Drowning,2 people found dead after failing to return from camping trip ...,INsauga,https://www.insauga.com/2-people-found-dead-after-failing-to-return-from-camping-trip-in-ontario/,"On Sunday, Aug. 2, the two people were found dead, the OPP said. Police are not releasing the identities of the deceased at this time. Police ..."
2025,Drowning,Leeds County OPP is investigating a death ...,Facebook · Ontario Provincial Police - East Region,https://www.facebook.com/OPPEast/posts/leeds-county-opp-is-investigating-a-death-at-a-mallorytown-campground-reported-o/1036597835330735/,Ottawa man camping with child dies after tree falls on tent at Mallorytown campsite 10-year-old suffered serious but non-life-threatening ...
2025,Drowning,"Two people, including three-year-old, die in separate ...",Rocky Mountain Outlook,https://www.rmoutlook.com/health/two-people-including-three-year-old-die-in-separate-ontario-drownings-saturday-opp-10997165,Police are also investigating the death of another three-year-old who drowned at Sandbanks Provincial Park on Thursday. OPP at the time said the ...
2025,Drowning,London teen drowned while trying to save brother: Friend,London Free Press,https://lfpress.com/news/local-news/man-dies-after-diving-from-boat-in-lake-huron-opp,"One day earlier, a 35-year-old Woodstock man drowned while trying to save his daughter at Port Burwell Provincial Park. Article content."
2025,Drowning,Man drowns at Silver Lake Provincial Park,Ottawa Citizen,https://ottawacitizen.com/news/man-drowns-silver-lake,Anyone with information about the case was asked to contact the OPP toll-free at 1-888-310-1122. Article content. Silver Lake Provincial Park is ...
2025,Drowning,Bruce Peninsula OPP Investigates Drowning Incident In ...,Bruce Peninsula Press,https://brucepeninsulapress.com/2025/07/23/bruce-peninsula-opp-investigates-drowning-incident-in-south-bruce-peninsula/,"On July 13, 2025, just before 4:00 p.m., the Grey Bruce Ontario Provincial Police (OPP) responded to a reported disturbance at local campground ..."
2025,Drowning,Lanark OPP investigate drowning,Quinte News,https://www.quintenews.com/2025/08/16/lanark-opp-investigate-drowning/,"Members of Lanark County OPP are investigating a drowning incident in Silver Lake Provincial Park. On Saturday, August 16, 2025 at ..."
2025,Drowning,Massive Storms Rattle Backcountry Campers In Algonquin ...,Paddling Magazine,https://paddlingmag.com/stories/news-events/algonquin-storms-rattle-campers-june-2025/,Near North Depot Lake in Algonquin Provincial Park a boy was seriously injured when a tree fell on his tent while he was camping with his mother ...
2025,Drowning,Deadly Waters - Prince Edward,The Picton Gazette,https://www.pictongazette.ca/post/deadly-waters,"Around 5:30 p.m. July 24, Prince Edward OPP were called to the Dunes beach in Sandbanks Provincial Park after a child went missing while playing with family ..."
2025,Drowning,Haliburton Highlands Ontario Provincial Police Detachment Board,County of Haliburton,https://www.haliburtoncounty.ca/media/uwcgxajb/haliburton-highlands-ontario-provincial-police-detachment-board-07-may-2025-agenda.pdf,"January 22 2025 Haliburton Highlands OPP Detachment Board ... Drowning ... Darling talked about the two policing resources in Ontario, the OPP and its billing to."
2025,Drowning,OPP searching water for missing person at Pinery ...,Seek Your Sounds,https://www.seekyoursounds.com/news/kitchener/one-person-missing-after-water-emergency-at-pinery-provincial-park,One person remains missing after what the Ontario Provincial Police (OPP) are calling a water emergency at Pinery Provincial Park.
2025,Drowning,Two people die in separate drownings in Ontario: OPP,Reddit · r/ontario,https://www.reddit.com/r/ontario/comments/1mbhnpo/two_people_die_in_separate_drownings_in_ontario/,"Two people die in separate drownings in Ontario: OPP ... Two people, including a three-year-old, died in separate drownings in Ontario on Saturday ..."
2025,Bear Attack,Black bear attack in Sault Ste. Marie late August 2025,Boardhost,https://algonquinadventures.boardhost.com/viewtopic.php?id\u003d4384,"... Provincial Park during the 2025 season. While sightings of black ... In summary, while Ontario has seen a very serious bear attack in Sault Ste."
2025,Bear Attack,Algonquin Park bear safety measures needed,Facebook · Algonquin Park,https://www.facebook.com/groups/2222572231/posts/10161532925787232/,I'd go as far as every person on a permit or campsite needs to sign. Write Ontario Parks and Algonquin Park directly and make this a suggestion.
2025,Bear Attack,Toronto author Claire Cameron's memoir investigates a ' ...,CBC,https://www.cbc.ca/books/toronto-author-claire-cameron-s-memoir-investigates-a-shocking-predatory-bear-attack-read-an-excerpt-now-1.7307355,"In How to Survive a Bear Attack, Cameron investigates a 1991 bear attack that killed a couple camping in Ontario's Algonquin Provincial Park, a ..."
2025,Bear Attack,How a Cancer Diagnosis Led to an Obsession with a Bear Attack,TVO Today,https://www.google.com/goto?url=CAESngEB6zswFTRxgaPPQaAHaV_HGsH96HpH4EzPPQVMkQezxhoCREgBxetUGdYKXyUfNp1M7nCwgEzQrGLTRtt-aVwFi4sEyN8nenbV6j0vp2C5pdxWJrIYM3C4tl3TLVVqkJ3CKNSXTsjNMg3Hk37W5_mHFIluhl4oNaQHCouChlZ9fd50ezb2LlrMei78D1IHgluzQ2upilxz3naJxqYJrw,"... Ontario's Algonquin Provincial Park, in her debut memoir “How to Survive a Bear Attack ... Aug 11, 2025|. 56s56 seconds. Steve Paikin Signs ..."
2025,Bear Attack,One sent to hospital after bear attack at northwestern Ont. ...,CTV News,https://www.ctvnews.ca/northern-ontario/article/one-sent-to-hospital-after-bear-attack-at-northwestern-ont-provincial-park/,One person was taken to hospital after a bear attack inside a camp in a remote area of a northwestern Ontario provincial park Wednesday morning.
2025,Bear Attack,You're camping in bear country... which means ...,Instagram · bluelakepp,https://www.google.com/goto?url=CAESYwHrOzAVWOfvt_9FrYmL2_pSwhrqIwuF22xDhofP7t9TisVay_ROBG1sR_fxP4g9pD9wKhlD2oGVwPL7XHR3OpysQ0fkuDUbFf_wlxkpZ5yZXgUfC6UoCBVeQfWtEKGhaDBFfw,Officials aren't taking any chances and have issued a bear warning for all campgrounds in Peter Lougheed Provincial Park. ... bear attack. Learn ...
2025,Bear Attack,Tell Me About Your Bear Encounters : r/algonquinpark,Reddit · r/algonquinpark,https://www.reddit.com/r/algonquinpark/comments/1amql6z/tell_me_about_your_bear_encounters/,Another visit they were told a specific area was close due to a bear attack. They went camping there like 20-30 other times and didn't see one.
2025,Bear Attack,Bear attack memoir revisited after storm spares fateful ...,BayToday.ca,https://www.baytoday.ca/columns/back-roads-bill/bear-attack-memoir-revisited-after-storm-spares-fateful-campsite-11114543,Bear attack memoir revisited after storm spares fateful campsite. A powerful storm that swept through Ontario this summer left much of Bates ...
2025,Bear Attack,Couple injured by bear attack in their home,SNNewsWatch.com,https://www.snnewswatch.com/local-news/family-dog-corners-bear-that-attacked-family-in-their-home-11224074,Couple injured by bear attack in their home. Two people suffered ... OPP confirm officers were able to get the bear back outside without ...
2025,Bear Attack,Is bear spray a good idea in Algonquin Park?,Facebook · Ontario Hiking Trails,https://www.facebook.com/groups/457318541884887/posts/1819142332369161/,Just wondering if anybody has any opinions on if bear spray is a good idea in Algonquin Park. High Falls area for now but maybe other places in the future.
2025,Bear Attack,Safe travel in bear country - Parks Canada,Parks Canada,https://parks.canada.ca/pn-np/mtn/ours-bears/securite-safety/ours-humains-bears-people,It is very difficult to predict the best strategy to use in the event of a bear attack. ... Keep your picnic or camping site attractant-free. Move ...
2025,Bear Attack,How a Cancer Diagnosis Led to an Obsession with a Bear Attack,TVO Today,https://www.google.com/goto?url=CAESngEB6zswFb5u_fAs7Ui70pZB2EW7sBw-Z0h0P5yTaOIT5bkLvxKmErlpJrYJr66pzqGp74dMqu9Zjpt6n06iR88vtdwLVNWGl4y_HmFdKdzarsqXORwu63_6yFuAP-7a7aweHZjhcRehFuPlTLFkb37AgTjeM4y6iVLBtw39FilmFdj2y8-HnER9HxW3FhWSAIchGeroAHoyqE0aUn4dDA,"... Ontario's Algonquin Provincial Park, in her debut memoir “How to Survive a Bear Attack ... Aug 11, 2025|. 56s56 seconds. Steve Paikin Signs ..."
2025,Bear Attack,"1. There are only black bears in Algonquin Park, no grizzly ...",Instagram · algonquinbeyond,https://www.instagram.com/p/CyD43CyO0SE/?hl\u003dar,"grizzly bear attack ... Stratton Lake Campsite 13, Campsite 14, Campsite 15, Campsite 16, Campsite 17, Campsite 18, Campsite 19, Campsite 21"
2025,Bear Attack,List of fatal bear attacks in North America,Wikipedia,https://en.wikipedia.org/wiki/List_of_fatal_bear_attacks_in_North_America,"Main article: 1978 Algonquin Provincial Park bear attack. Canada, Algonquin Provincial Park, Ontario — The three boys were stalked and killed while fishing ..."
2025,Bear Attack,Bears in Algonquin Park — Everything You Need to Know,Algonquin & Beyond,https://algonquinbeyond.com/blog/bears-in-algonquin-park-everything-you-need-to-know/,"A habituated bear is less likely to run away when they sense humans, and they can become a big nuisance at a campground or campsite. If you encounter a ..."
2025,Bear Attack,2025 Central Crew Summary - by Scott Da Rocha,Ontario Breeding Bird Atlas,https://www.birdsontario.org/2025-field-crew-summary/,"Despite facing wildfire smoke and a bear attack on our kitchen tent, we were camping along a beautiful lake where we watched common terns and common nighthawks ..."
2025,Bear Attack,"Grizzly bear attack in B.C. injures students, staff | CTV National ...",YouTube · CTV News,https://www.google.com/goto?url=CAESYwHrOzAVpGYyzdyi5M-yM-av0m0jqIbKlySl3itlm-bK03WCv4Szntrc5rzG72SGVzWsch_iYCGa2rJBwogyf4qskBH25cMoiJM2hGmGOdLjTPGCzRRPq7oxdnieyuX9LHds4A,Three children and one adult were severely injured in a grizzly bear attack while on a field trip in the remote B.C. community of Bella ...
2025,Bear Attack,"Tag: Ontario provincial park - K2, the Kuvasz, and me",meandmyk2.com,https://meandmyk2.com/tag/ontario-provincial-park/,"Grundy Lake Provincial Park, Ontario – hiking, camping, and observing flora and fauna ... bear attack birding in Sindh Boone camping canada Canada's National ..."
2025,Bear Attack,Cub scouts on camping trip help stranded hikers in Golden ...,CBC,https://www.google.com/goto?url=CAESZgHrOzAVzR83ZabZeMNJXaIgMJehL_4kEzqVmh12TZFM2pcMtv-AZbjxH_T2WOgZo39N7aeD0-0PHPJ6IhdmH-OKY41yJdZD9L1v8-x22g9ViNr3r_2rx0phi44WCkVF-pL9bvrUvQ,"Cub scouts on camping trip help stranded hikers in Golden Ears Park November 25, 2025 News ... Bear attack leads to closure of regional park on ..."
2025,Bear Attack,Cub scouts on camping trip help stranded hikers in Golden ...,CBC,https://www.google.com/goto?url=CAESZgHrOzAVzc5wbnH7ANELm0zez7PRXPdSVdaxJPtaBzAlTsmFqI8pPaxf0c7NDdqpA_NP9bexfdBBL0ODljhs0Wh8PgsjHdk-dZTa8MJsLnRIGM9BKzWVq7Dk8UhO9wqRMxUaZINd2w,"Cub scouts on camping trip help stranded hikers in Golden Ears Park November 25, 2025 News ... Bear attack leads to closure of regional park on ..."
2025,Bear Attack,How to survive a bear attack : a memoir | National Network ...,National Network for Equitable Library Service (NNELS) |,https://nnels.ca/items/how-survive-bear-attack-memoir,"... bear attack. When Claire Cameron was nine years old, her father, a ... Ontario--Algonquin Provincial Park | Skin--Cancer. Original Publisher: New ..."
2025,Bear Attack,Two women survive terrifying black bear attack on their ...,Facebook · The Sportsmen Party,https://www.facebook.com/sportsmenparty/posts/two-women-survive-terrifying-black-bear-attack-on-their-tents-while-campingtwo-e/1463950349096641/,"Two women survive terrifying black bear attack on their tents while camping ... Algonquin Provincial Park, Ontario, Canada: Notable for ..."
2025,Bear Attack,Bear Attacks Statistics 2026 – Global Injuries & Fatalities,World Animal Foundation,https://worldanimalfoundation.org/advocate/bear-attacks-statistics/,"If you camp at a roadside campground, the odds increase to 1 in 26.6 million. While the chance of an attack by a bear while hiking in the ..."
2025,Bear Attack,Man killed in suspected bear attack in Arkansas,BBC,https://www.bbc.com/news/articles/cdjz4xjvvwdo,"The campground remains temporarily closed. The man had sent his family pictures of a bear in his camp site before the attack, officials said, ..."
2025,Bear Attack,"Greatest outdoor fears, ranked",Niagara-on-the-Lake Local,https://www.notllocal.com/opinion/greatest-outdoor-fears-ranked-11833781,... Provincial Park shows areas of prime tick habitat. Owen Bjorgan says ... People with children wouldn't flock to the north if a black bear attack ...
2025,Bear Attack,Why human-bear encounters might be more likely this fall,Cottage Life,https://cottagelife.com/general/a-black-bear-attacked-a-nipigon-ont-couple-after-entering-their-home/,"According to the Ontario Provincial Police (OPP), the bear entered the house and attacked the dog and couple. The couple were able to escape ..."
2025,Bear Attack,OPP dispatch 'aggressive' bear after it charged at residents,SNNewsWatch.com,https://www.snnewswatch.com/local-news/opp-dispatch-aggressive-bear-after-it-charged-at-residents-11229997,OPP dispatch 'aggressive' bear after it charged at residents ... Bear attack victim ...
2025,Bear Attack,Regina couple killed in black bear attack,CBC,https://www.google.com/goto?url=CAESZgHrOzAVFo_jG6G7YhTIkD_enO3L6gBOfm2nZ98JDclKioI29lk74rwv7lLsivB3Zx0YbZeHDjaDSnkaFy-xIoyFKCq23rWs9HueJzFNZmOenPBX2wZ30dDtafHIWwLnDTCFrxKvHg,Regina couple killed in black bear attack. July 19; News; Duration 1:55. Wildlife officials have euthanized a black bear suspected in the ...
2025,Bear Attack,Bear attack in popup,PopUpPortal,https://www.popupportal.com/threads/bear-attack-in-popup.126628/,It's those idiots who are more likely to have a bear attack if a ranger didn't spot it first. When I camp in bear country I listen and follow ...
2025,Falling Tree,Ottawa man camping with child dies after tree falls on tent ...,CBC,https://www.cbc.ca/news/canada/ottawa/ottawa-man-dies-mallorytown-tent-1.7569003,"... tree fell ... Emergency services responded to the campsite after receiving reports shortly after 6 a.m. Sunday, Ontario Provincial Police (OPP) ..."
2025,Falling Tree,Algonquin Provincial Park campground damaged by fallen ...,Facebook · Ontario Provincial Parks,https://www.facebook.com/groups/316183543088033/posts/1768619894511050/,A 90ft. tree fell damaged their tent just missing Harper's head. Thankfully nobody was hurt. We were really lucky! No service & nobody on site ...
2025,Falling Tree,Sad news to deliver! 1 person is deceased and 2 others were ...,Facebook · Ontario Provincial Police - West Region,https://www.google.com/goto?url=CAESwQEB6zswFfri5mkscfguKhy-mx84Ucmog2qMlI5mQ_RMKbT_Iw9eeGCE6Cn9zn9WLr7UfJ4-iwdiea_uBqIz_UGh8K8SnPTnPq8gq0gV-BzPGqmMir4gX5C9tNLIuHXgBw69BtpKPG-4y9RXwkFS_b0JDMCUXaxHZtrVjvdMTr-QCHKHDswcIVxxQG_UaiqcatDrRzQ5U9fE-cVa9M3ezs_DtAB2Ze0ealP9Ry1L1PfjsZGXPYaJ2WtRFH0ozK7gwxVi,... Ontario Provincial Police (OPP) ... A child was killed Saturday after a tree fell on them at the Okanagan Lake Provincial Park South campground.
2025,Falling Tree,"Child killed, several injured after large tree falls down in ...",KTLA,https://ktla.com/news/local-news/5-injured-after-large-tree-falls-down-in-calabasas/,A child was killed and several others were injured after a large tree fell at a park in Calabasas Wednesday afternoon.
2025,Falling Tree,Woman and child hurt after tree falls near Cumberland ...,Global News,https://www.google.com/goto?url=CAESmAEB6zswFRb77kyROSPsQS9_PpGTGJlqXrpef7ZN1nhjVH_HziJQ4B4uMOWhy9ITgUyE9hfFln4OvsxCZXa_yLGUc9dC8x-GRTtWS-LLBasdN9AJo7aBXOwUib075Q7lvANwPqcTDob8BnQpHf14wonOScZsKJTHMFCSbCNyjXrzYblAEA_30V6r1w8uZNyQmy3IIz0T_UI2-A,"Woman and child hurt after tree falls near Cumberland campground. July 31, 2025 ... At least one person has been seriously hurt after a tree fell ..."
2025,Falling Tree,Man dies after large tree falls on tent in an Ontario ...,INsauga,https://www.insauga.com/man-dies-after-large-tree-falls-on-tent-in-an-ontario-campground/,One man is dead and a 10-year-old child was injured after a large tree fell on a tent in an Ontario campground on the weekend.
2025,Falling Tree,Man dies from injuries after tree falls on him in ...,CTV News,https://www.ctvnews.ca/winnipeg/article/man-dies-from-injuries-after-tree-falls-on-him-in-northwestern-ontario/,A 63-year-old man died Tuesday after a tree fell on him while he slept in a tent in Quetico Provincial Park in Ontario. OPP responded to an ...
2025,Falling Tree,Ottawa man camping with child dies when tree falls onto tent,Inside Ottawa Valley,https://www.insideottawavalley.com/news/ottawa-father-dead-child-hurt-after-tree-falls-onto-tent-at-mallorytown-campground/article_28c1f633-bb7d-59c2-a105-4ae3d749d872.html,Email. Leeds County OPP campground death. An Ottawa man died after a large tree fell onto a tent at a Mallorytown campground. Ontario Provincial Police.
2025,Falling Tree,Manitoba man survives camping accident,YouTube · CTV News,https://www.google.com/goto?url=CAESYwHrOzAVmJaMn7WSvgadJP8_d56tMzdHkMbkmJxnVa5Xy-dGIbgpila7qkxvjKChqn_iadsDTMTYfF-4mP2MuPr184Vmj0M0USnNjxbYMxn-bbQ7l1afYNiC4TRb-p_gNrfVkw,A Manitoba man has survived a horrific camping disaster. A tree fell on Eric Lee Sheed's tent at an Ontario campground.
2025,Falling Tree,A young child has died after a tree came down at an Okanagan ...,Facebook · CHBC - Global Okanagan,https://www.google.com/goto?url=CAESwwEB6zswFWG_j9j_ceFcDkGmnqjqt-4SUyJK8AceE4ciPhKPMF4prG8wey01cts2o6PIYQBrSwCteRCPdF1E8wR9ZnMNUI8oYwstvLhzyHtTFAP2kSgUo1qTdZ8YDFDtwiKjslgPZcznHS2iPAwPyFan-MKz9Wo1g3hYaoBHnMh3GhqKanRVtMexAXlZGDCAqVotdp7pt4OhD_nxd3fbaHFpMVkOQ1SSPq4rpme1QoyKGqnUvNgWMNFKvS0vpQ7FvASAobc,... Ontario Provincial Police (OPP) ... A child was killed Saturday after a tree fell on them at the Okanagan Lake Provincial Park South campground.
2025,Falling Tree,Massive Storms Rattle Backcountry Campers In Algonquin ...,Paddling Magazine,https://paddlingmag.com/stories/news-events/algonquin-storms-rattle-campers-june-2025/,Near North Depot Lake in Algonquin Provincial Park a boy was seriously injured when a tree fell on his tent while he was camping with his mother ...
2025,Falling Tree,Ottawa man camping with child dies after tree falls on tent ...,Yahoo News Canada,https://ca.news.yahoo.com/ottawa-man-dies-tree-falls-234744148.html,"... tree fell ... Emergency services responded to the campsite after receiving reports shortly after 6 a.m. Sunday, Ontario Provincial Police (OPP) ..."
2025,Falling Tree,Tree falls on tent leaving Manitoba man with serious injuries,CP24,https://www.cp24.com/news/canada/2025/08/26/i-started-screaming-manitoba-man-survives-being-crushed-by-tree-falling-on-his-tent/,"In June, an Ottawa man was killed when a tree fell on his tent during a severe thunderstorm. He had been camping with his 10-year-old child, who ..."
2025,Falling Tree,"At least four dead, thousands without power after storm",Lethbridge News Now,https://lethbridgenewsnow.com/2022/05/22/at-least-four-dead-thousands-without-power-after-storm-2/,... OPP said one person was killed and two others were injured when a tree fell on a camping trailer near Pinehurst Lake in Waterloo Region. Trees and power ...
2025,Falling Tree,One person was injured but is expected to recover after a ...,"Facebook · Local 21 CBS News, WHP Harrisburg",https://www.facebook.com/cbs21news/posts/one-person-was-injured-but-is-expected-to-recover-after-a-tree-came-down-on-a-ca/1515196377304627/,"BREAKING: The campground is still open, but the site where the tree fell is closed, along with adjacent campsites. 7-year-old girl dies ..."
2025,Falling Tree,My first camping trip became my first (and hopefully only) ...,Reddit · r/camping,https://www.reddit.com/r/camping/comments/1ljlfmj/my_first_camping_trip_became_my_first_and/,"This camping trip took place in Ontario, Canada at Samuel de Champlain Provincial Park. ... tree fell on their tent and her son was injured ..."
2025,Falling Tree,"Sudden storm traps, injures campers in Algonquin Park",CBC,https://www.google.com/goto?url=CAESZgHrOzAVXPgcqsWcwKZJ31Me3cJHY274Netb4IUpndium5P6-1vNyM3OGMJ4aAO6v4kh_-JW-zfTKStW9Ny4mm3dCCWRazuB4syE66F0e1pwG0asalhVCdge2q6bdVBH2ZcNtX6sWw,"The storm damage trapped several campers, including members of one family who were injured when a tree fell on their tent. Related Stories."
2025,Falling Tree,Slow progress made to restore provincial park after ...,CityNews Ottawa,https://ottawa.citynews.ca/2025/12/05/slow-progress-made-to-restore-provincial-park-after-devastating-storm/,Clean-up and restoration are continuing five months after a storm destroyed a portion of an Ontario Provincial Park north of Ottawa. ... tree fell ...
2025,Falling Tree,Tree falls on woman and child at Comox Valley park,Global News,https://www.google.com/goto?url=CAESjwEB6zswFTP1aQyqrvFJpl80Eu_LaxN2evfuziqbJirBLWhSU7iCjwOiXTxE8NdhC-DSt0Egd51in2eCim0YfKz8s15vg1EPY883vF2XwUZwO8XbXHifZkC8YUjfSg15LIo158lu9LsXteyHmhA9ZuE4Fx5RT8qGEh7pI8bmudE-k_cnlZ9c4FTzaZN7-sGC2w,"A tragedy unfolded in Cumberland Thursday, when a tree fell onto a woman and child at a popular park and campground on Comox Lake."
2025,Falling Tree,Manitoba man survives camping accident,CTV News,https://www.google.com/goto?url=CAESkAEB6zswFchDBcSH0tfyJRxc8eze1RkwhWqPsz5L79Y5ylSAcUaMMM2FYYXzt2ZK1HVGeIHs8_cPrGnDN1cBjxHhN93Wc_k50-cy5kXUirccAMpXg51Pm0uEipkpmJxW51RztyEImY9WVogx9yQ18_Lsuwd7PWX6Pb9R4ncJJKacambUwvZ9W-zeV37Wv3quoaQ,"A Manitoba man is lucky to be alive after a tree fell on him during a camping trip in Ontario. CTV's Jeff Keele reports. August 26, 2025 at ..."
2025,Falling Tree,"Rescuers saw, paddle their way to badly hurt boy in ...",CBC,https://www.cbc.ca/news/canada/ottawa/algonquin-park-rescue-boy-storm-1.7568321,"Boy was camping with his mother when a tree fell on their tent during a thunderstorm, say OPP. CBC News · ..."
2025,Falling Tree,"Man killed, child injured by falling tree at Mallorytown ...",Facebook · Kingston's 98.3 FLY FM,https://www.facebook.com/FLYFM98.3/posts/tragedy-at-a-mallorytown-campground-a-man-was-killed-and-his-child-seriously-inj/1278365287633169/,... Ontario Provincial Police (OPP) ... A child was killed Saturday after a tree fell on them at the Okanagan Lake Provincial Park South campground.
2025,Falling Tree,OPP East Region,X · OPP_ER,https://x.com/OPP_ER/status/1937280395696869864,"#LeedsOPP is investigating a death that was reported at a Mallorytown campground yesterday, June 22, 2025, shortly after 6 a.m. A large tree ..."
2025,Falling Tree,Family takes legal action against camp owners after 8-year ...,WCTV,https://www.wctv.tv/2025/11/19/family-takes-legal-action-against-camp-owners-after-8-year-old-killed-by-fallen-tree-branch/,Lamar Matthew McGlothurn was attending Camp Wildcraft on July 9 when a branch from a decaying tree fell onto a picnic table he was sitting at.
2025,Falling Tree,"The Dooly Campground | In February of this year, a large pine ...",Instagram,https://www.instagram.com/p/DOUn8vijAmy/,"In February of this year, a large pine tree fell on the historic Tabernacle at Dooly Campground causing major damage. Through the efforts of the Board of ..."
2025,Falling Tree,"Sudden storm traps, injures campers in Algonquin Park",YouTube · CBC News: The National,https://www.google.com/goto?url=CAESYwHrOzAVLMrajPS_vELXKnNcktCsm4ixyR-XPChAIJeO7hNYaPidhNKnjledIuPS1-1p_eSztDh_P8_Sx0wBv_PkhkWAhEEi9WHKs9HZRthngKRXX218qq0OW_K4Z4H4AtPoEw,"The storm damage trapped several campers, including members of one family who were injured when a tree fell on their tent. #ontario #storm ..."
2025,Falling Tree,Family 'heartbroken' after B.C. mother and baby killed by ...,TownAndCountryToday.com,https://www.townandcountrytoday.com/national-news/family-heartbroken-after-bc-mother-and-baby-killed-by-falling-tree-11045475,"They were killed when a tree fell on them at Cumberland Lake Park Campground in Cumberland, B.C., on Thursday, July 31, 2025. THE CANADIAN ..."
2026,Drowning,FATAL DROWNING AFTER CANOE CAPSIZES ON ...,Facebook · Peterborough Scanner Feed,https://www.facebook.com/ptboscannerfeed/posts/fatal-drowning-after-canoe-capsizes-on-cross-lakeone-person-has-died-after-a-can/1005604038768023/,City of Kawartha Lakes OPP along with fire and EMS were dispatched to a boat that had capsized on Sturgeon Lake at approximately 3:06 pm on June ...
2026,Drowning,"Coast guard recovers bodies of father, young son from ...",CBC,https://www.cbc.ca/news/canada/london/coast-guard-recovers-bodies-9.7196163,OPP Sgt. Ed Sanchuk provides an update after a 7-year-old child and 53-year-old adult drowned in Lake Erie near the rural community of St.
2026,Drowning,This has already been a tragic summer on waterways in ...,Facebook · Ontario Provincial Police - East Region,https://www.google.com/goto?url=CAESwgEB6zswFbC6UWMhaCPx1O5BozA_H2tAV-sALbGSHWyef2rLqOe-aCm6J7fYq_WsvrpB0DR0NoYu7y16d1dLQtOQWEKQXU8Aougd1-9xBDG1UkfZcbhNx-jc8SO8edUDtYFeiK5A8QJ6-agRaYWRYFJfGZSM8zSE6l1QgHqcT8XU6bCCaLkRnhLzpuKPqmkyfP-xndgHMhN-wEWEFS2fdOyeG5_hdpLfkHpXQb-poVSnDpAevwdodlIMLwUqD72vR1S0XQ,"In addition to boating incidents, three young children have drowned while swimming. The OPP is calling on everyone to help us ensure this stops ..."
2026,Drowning,53-year-old man dies in Crystal Lake Campground drowning,tuscolatoday.com,https://www.tuscolatoday.com/53-year-old-man-dies-in-crystal-lake-campground-drowning/article_478f070f-a90b-4842-bfc2-3d2c9046e24e.html,"Crystal Lake Campground in Fremont Township, where a 53-year-old Elkton man was found unresponsive in the water near his campsite Aug. 16. The ..."
2026,Drowning,Silver Lake Provincial Park,Ontario Parks,https://www.ontarioparks.ca/park/silverlake,Silver Lake Provincial Park · Introduction · Camping · Activities · Facilities · Maps · Alerts 0 · Events · Park Rules ...
2026,Drowning,Drowning death reported in Oastler Provincial Park near ...,CityNews Toronto,https://toronto.citynews.ca/2026/07/21/drowning-death-reported-in-oastler-provincial-park-near-parry-sound/,"Drowning death reported in Oastler Provincial Park near Parry Sound ... Posted July 21, 2026 11:39 am. Ontario Provincial Police (OPP) say one person died ..."
2026,Drowning,Father and son found dead in frigid Lake Erie waters,YouTube · CTV News,https://www.google.com/goto?url=CAESYwHrOzAVqq7ijL5ghZQv1MCYzJwF0W2HAogmPgD8lv03n3uljORW40Cj-v0G2v_ay3iYKPTia3vw1WGYIjJ7JMWS8qG2W95DnjRbE3WOMp0AtQ93GNb3whA6gn5rErXQM1mJlg,"Father and son found dead in frigid Lake Erie waters | CTV News London at 11, Tues. May 12, 2026. @CTVNews11 likes1.7K views3 months ago"
2026,Drowning,OPP urges residents to take all safety measures when on ...,Global News,https://www.google.com/goto?url=CAESxAEB6zswFaCix4mfKpWXqY8glh4pDNw3cB5kli2Zgu7GOkydgf6zUhl1JpsxsdwQHblerEA1LIhr_YtTtYPT53_nyUsZ_b-HhqOW0TgrJlfvxCt6YMSNLxsRtaYl6CA8R_TiGEGGRzcz9FP8-1C5A1xZbPTMQd9ywckzpYa1WwoptG75I7mXVR4dRMxITRMzj52xqlHD_KmzUA_u2aIxueCdBC7OXzqj_IgGo2PA6nFMPbylOvyJanvXxjMO97x6OlKDqiFp,"OPP urges residents to take all safety measures when on waterways after 10 drownings this year already. 02:08 | July 23, 2025 ; Ontario rejects ..."
2026,Drowning,OPP investigating drowning of 3-year-old child at ...,CTV News,https://www.ctvnews.ca/toronto/article/opp-investigating-drowning-of-3-year-old-child-at-sandbanks-provincial-park/,OPP investigating drowning of 3-year-old child at Sandbanks Provincial Park. By. The Canadian Press. Opens in new window. Published: July 26 ...
2026,Drowning,A man is dead after drowning at Caskeys Campground ...,Instagram · wkyc3,https://www.google.com/goto?url=CAESaQHrOzAVKWTp9CzV2beSAdjTMQ8BrXmk_isAMmDaBETiNMEvplaBG2KdxILegGIdF5_2ENgrm4Rt2PgReYzqSlSe9K_XAO_kdhLNch4KRGWGPl5RhPEuvRttr3pw5s2-jO6BXMgqQyqFpA,"A man is dead after drowning at Caskeys Campground in Baughman Township, park operators confirm. His name has not yet been made public."
2026,Drowning,"Two people, including three-year-old, die in separate ...",Rocky Mountain Outlook,https://www.rmoutlook.com/health/two-people-including-three-year-old-die-in-separate-ontario-drownings-saturday-opp-10997165,Police are also investigating the death of another three-year-old who drowned at Sandbanks Provincial Park on Thursday. OPP at the time said the ...
2026,Drowning,Peterborough Police Service,Facebook · Peterborough Police Service,https://www.facebook.com/PtboPolice/posts/media-release-saturday-july-4-2026emergency-services-police-fire-paramedics-were/1368941645383918/,"Media Release - Saturday, July 4, 2026 Emergency Services (police, fire, paramedics) were called to Beavermead Park beach Friday, July 3, 2026. Upon ..."
2026,Drowning,Man drowns in Grundy park,ParrySound.com,https://www.parrysound.com/news/man-drowns-in-grundy-park/article_22c40ee8-9f8c-5ad7-bc9d-b0f84d42086a.html,"An OPP marine unit, emergency medical services, the Britt Fire Department and Grundy Lake Provincial Park wardens all helped with the search, but were unable to ..."
2026,Drowning,3-year-old's drowning latest in surge of incidents in Ontario,YouTube · CityNews,https://www.google.com/goto?url=CAESYwHrOzAVXOAcQ12nBVukAWVSECB2Ajtlqxuja9zqC9fdMHq2OMywuaRpgRFDK15c50p-T-s_1CW97wAsXCKwUTIuC6kQ8a01dQbo3ycVlzNYuNoiJpdJj08MEmLtKcgUTex6VQ,"Ontario Provincial Police say two more people have died in separate drownings over the weekend, including a three-year-old near Cornwall."
2026,Drowning,26-year-old man dead after drowning in Silver Lake ...,St. Albert Gazette,https://www.stalbertgazette.com/ontario-news/26-year-old-man-dead-after-drowning-in-silver-lake-provincial-park-opp-11086914,26-year-old man dead after drowning in Silver Lake Provincial Park: OPP.
2026,Drowning,The Montour County Coroner has released the name of a 16- ...,Instagram · 2822news,https://www.google.com/goto?url=CAESYwHrOzAVgCYpOIVNl1xoOeLAwbFmp29iwy2WOE74j0Ov5Frbo1waUAvBS6o5CGYhFDSCOgkxJQm-3Du5iS5Bf-AT67pc2QXupGv368qZ04dM0yzGfsIpPlim5mCi1s6uKnAcTg,"Investigators say with the help of the OPP's Underwater Search and Recovery Unit, they have been able to confirm the deaths of a 32-year-old man ..."
2026,Drowning,"Police update on bodies found in Lake Erie near St. Williams, Ont.",CBC,https://www.google.com/goto?url=CAESZgHrOzAV8HFPUXVLhmHvQDSnVZI2X4fZgMhQ2BqEOdw3_7xIgmrQivgs-rLm8SQX_ip7fUCqbj71s1RYwfSRInxDtfgioz4KznITbELVz-jJwu2AFKz8flHGUL_kEyYDWnzzYahh6Q,OPP Sgt. Ed Sanchuk provides an update after a 7-year-old child and 53-year-old adult drowned in Lake Erie near the rural community of St.
2026,Drowning,Ontario Parks on X,X · OntarioParks,https://x.com/OntarioParks/status/2080751902887682189?lang\u003den,"... NDPW2026"". @OntarioParks. Ontario Parks · @OntarioParks. National Drowning Prevention Week is a good opportunity to remind friends and family ..."
2026,Drowning,OPP urges residents to take all safety measures when on ...,Global News,https://www.google.com/goto?url=CAESxAEB6zswFepiavRZcCGJGbwnTZLV5CXxW9ZCGzGm9ujaNH95yE8dqwT-ICUKG4Ou4FqNtjuhMnpgLzO1ExcBE2j7JyRNakhvlUJ4ad7BdfOGhA3v6PJKXB_22mcWrTSGlGei0fn3sYn-j7-My4ey6qpGo2HOIcEMzwTvNgjfo4xeLZp59fJQA2MZfPQB34T53rr9YPXdaOrQvHlWTS9QFvUFzjHpa96_YmpwWZSJAJE8Q90Nj1INDHMe0-GgGKnsrQ8Ayyh7,"OPP urges residents to take all safety measures when on waterways after 10 drownings this year already. July 23, 2025. The OPP are urging ..."
2026,Drowning,Swimmer drowns in Silver Lake after jumping out of canoe,CTV News,https://www.ctvnews.ca/ottawa/article/swimmer-drowns-in-silver-lake-after-jumping-out-of-canoe/,Ontario Provincial Police say a 26-year-old man has died after drowning at Silver Lake Provincial Park this weekend.
2026,Drowning,OPP searching water for missing person at Pinery ...,Seek Your Sounds,https://www.seekyoursounds.com/news/kitchener/one-person-missing-after-water-emergency-at-pinery-provincial-park,One person remains missing after what the Ontario Provincial Police (OPP) are calling a water emergency at Pinery Provincial Park.
2026,Drowning,The recent drownings of a 4 year child and 32 year old male ...,Facebook · Ontario Provincial Police - West Region,https://www.google.com/goto?url=CAESwwEB6zswFTBmE4gvJPAogTnZROAm2KQF2DKodfzJVX_rjgOe8ei8aw-wC2KABNJxSeYCilKa0MQNNIYw_SK22n_jpoixZQFp4o370dfye37vy5mb3HBzLc8UEEXZz4Qd254LWzny0U2gXAqk3xnVECaA7G8TWWpS_xQIikB__iAHx95HCEQNi1LpUjNIaKswjErmYsvVsRFd0wFTlTgIBbS0W5al4n4mnu_VybDtsHcfQVmf6wLQgq_hn3xaTP13PFGPFVE,The recent drownings of a 4 year child and 32 year old male have the #OPP concerned that people are not wearing life jackets.
2026,Drowning,Police investigating drowning of three-year-old child at ...,Halton Hills News,https://www.haltonhillstoday.ca/ontario-news/police-investigating-drowning-of-three-year-old-child-at-provincial-park-10990885,Ontario Provincial Police say they are investigating after a three-year-old child drowned at a provincial park on Thursday.
2026,Drowning,'He was never sad': Family mourns loss of 5-year-old child ...,Facebook · WITN-TV,https://www.facebook.com/witntv/posts/he-was-never-sad-family-mourns-loss-of-5-year-old-child-after-campground-drownin/1459275972899106/,... He was never sad': Family mourns loss of 5-year-old child after campground drowning Story ... Toddler drowns at Sandbanks Provincial Park in ...
2026,Drowning,"Father, 53, and 7-Year-Old Son Found Dead in Lake Erie ...",People.com,https://people.com/father-53-and-7-year-old-son-found-dead-in-lake-erie-after-outing-in-canoe-11976376,"The bodies of a 53-year-old father and his 7-year-old son were recovered from Lake Erie in Ontario, Canada. Ontario Provincial Police (OPP) West ..."
2026,Drowning,Police investigating drowning of three-year-old child at ...,SooToday.com,https://www.sootoday.com/ontario-news/police-investigating-drowning-of-three-year-old-child-at-provincial-park-10990885,Ontario Provincial Police say they are investigating after a three-year-old child drowned at a provincial park on Thursday.
2026,Drowning,PFD Lending Program,Ontario Parks,https://www.ontarioparks.ca/lifejacketlending,"To make your experience safe and enjoyable, Ontario Parks with recreational water activities allow adults and children to borrow a PFD free of charge. The use ..."
2026,Bear Attack,1978 Algonquin Provincial Park bear attack,Wikipedia,https://en.wikipedia.org/wiki/1978_Algonquin_Provincial_Park_bear_attack,"1978 Algonquin Provincial Park bear attack ... On May 13, 1978, a male American black bear killed three teenage boys in Algonquin Provincial Park, Ontario, Canada ..."
2026,Bear Attack,Two women survive terrifying black bear attack on their ...,Facebook · The Sportsmen Party,https://www.facebook.com/sportsmenparty/posts/two-women-survive-terrifying-black-bear-attack-on-their-tents-while-campingtwo-e/1463950349096641/,"Two women survive terrifying black bear attack on their tents while camping ... Algonquin Provincial Park, Ontario, Canada: Notable for ..."
2026,Bear Attack,How a Cancer Diagnosis Led to an Obsession with a Bear Attack,TVO Today,https://www.google.com/goto?url=CAESngEB6zswFcG6MJCKC2f9HgxK-EovSEfOjiDNLfYiwTujI1SxqvUSsuhjKtMBTpR5KnF7NlgtqFgseNxlfmeKrwGM6Uiwjb2_ADRtNo5wLrFX7S_CI1hZkGKFtQxp_T6ycYIehRZQBy1KvUksxRTN7x0MgvL85n6Wn_TXz9gykGKXtvzv1NWwDgAE9g_iyxytvXCg-KA-LJu_HKe8-xygnQ,"... Ontario's Algonquin Provincial Park in her debut memoir “How to Survive a Bear Attack."" Why did this tragedy resonate with her? And what ..."
2026,Bear Attack,There needs to be more enforcement of site cleanliness ...,Reddit · r/ontariocamping,https://www.reddit.com/r/ontariocamping/comments/1w2igxv/there_needs_to_be_more_enforcement_of_site/,r/LakewoodColorado - Officials shut down Colorado park after bear attack ... Ontario Camping. This subreddit is for the discussion of camping in ...
2026,Bear Attack,Toronto author Claire Cameron's memoir investigates a ' ...,CBC,https://www.cbc.ca/books/toronto-author-claire-cameron-s-memoir-investigates-a-shocking-predatory-bear-attack-read-an-excerpt-now-1.7307355,"In How to Survive a Bear Attack, Cameron investigates a 1991 bear attack that killed a couple camping in Ontario's Algonquin Provincial Park, a ..."
2026,Bear Attack,Bear encounter on Ganaraska Trail : r/ontariocamping,Reddit · r/ontariocamping,https://www.google.com/goto?url=CAESkwEB6zswFWXkO5ANRenkHRhRsciXbbPIu8F2QMGtnWi04n8Z13wJjV80PktzzVWklJeQyK2NGDX6E_-6veaIyHc49Qfwa-iUKNxerLdQPSsTkbshS_9fTgFFS6G_md3snfujErlZCgy0nYI3r703-hsLXgjs7E0sAQ4EsfDFNARYEs-PgQxgQCZbS49KPXVHkGMA9mI,r/VancouverIsland - Hiker injured in black bear attack near Cumberland Sunday ... Ontario Camping. This subreddit is for the discussion of ...
2026,Bear Attack,Bears in Algonquin Park — Everything You Need to Know,Algonquin & Beyond,https://algonquinbeyond.com/blog/bears-in-algonquin-park-everything-you-need-to-know/,"A habituated bear is less likely to run away when they sense humans, and they can become a big nuisance at a campground or campsite. If you encounter a ..."
2026,Bear Attack,Safe travel in bear country - Parks Canada,Parks Canada,https://parks.canada.ca/pn-np/mtn/ours-bears/securite-safety/ours-humains-bears-people,It is very difficult to predict the best strategy to use in the event of a bear attack. ... Keep your picnic or camping site attractant-free. Move ...
2026,Bear Attack,THE OUTDOORS GUY: Be more bear aware this summer,pembrokeobserver.com,https://www.pembrokeobserver.com/opinion/the-outdoors-guy-be-more-bear-aware-this-summer/,... bear attack. Black bears are attracted to any food source and in ... Licensed owners I know have a firearm in their possession while camping in ...
2026,Bear Attack,Are you Bear Aware when camping? 🐻🏕️ That means ...,Instagram · saublefallspp,https://www.instagram.com/p/DcRCGBFFpYS/,"... 2026: ""Are you Bear Aware when camping? 🏕️ That means being mindful of what you leave out on your campsite and storing bear attractants ..."
2026,Bear Attack,"Killarney Provincial Park – Ontario, Canada – WAY NORTH",waynorthblog.com,https://waynorthblog.com/2015/07/21/killarney-provincial-park-ontario-canada/,"Although there has never been a fatal bear attack in Killarney Provincial Park, this is unfortunately not true of all Ontario parks. The ..."
2026,Bear Attack,One injured after bear attack,Northwest Ontario News,https://www.nwonewswatch.com/local-news/one-injured-after-bear-attack-9072570,One individual has been sent to hospital for non-life-threatening injuries following a bear attack in Wabakimi Provincial Park.
2026,Bear Attack,2023 | English Resources,University of Delaware,https://sites.udel.edu/english/arak-journal/arak-journal-2023/entry/172/,"Camper Harry Walker, who was residing in an illegal camping space on June 25, 1972, was mauled after having left food and waste outside of his site; this attack ..."
2026,Bear Attack,Ontario's Most Dangerous Bear Attack Hotspots! | Top 5 ...,YouTube · Fishing Urban Ontario,https://www.google.com/goto?url=CAESaQHrOzAVICyidhsIkH66eQpZLCE-DTNe7DKK_8hpjT6GuFGHLDhKFOXKSHfVxVcCcXnN4pNAfKsq5GLAxiPhd189-SFWUB9S8GQPhESnISaDq64F4BamfPmhgMo6uHZZ0QIamGSe4XjNCA,"Ontario's Most Dangerous Bear Attack Hotspots! | Top 5 Locations ... This Kodiak Bear Massacred an Entire Fishing Camp on July 26th, 2026."
2026,Bear Attack,Black bear attack in Sault Ste. Marie late August 2025,Boardhost,https://algonquinadventures.boardhost.com/viewtopic.php?id\u003d4384,"... Provincial Park. [url=https://www.ctvnews.ca/northern ... In summary, while Ontario has seen a very serious bear attack in Sault Ste."
2026,Bear Attack,How Dangerous Are Black Bears?,North American Bear Center,https://bear.org/bear-facts/how-dangerous-are-black-bears/,"Will a bear attack because it senses you are afraid? No. Most people who ... If a person doesn't want a black bear to come closer, act aggressively. Campground ..."
2026,Bear Attack,"Greatest outdoor fears, ranked",Niagara-on-the-Lake Local,https://www.notllocal.com/opinion/greatest-outdoor-fears-ranked-11833781,... Provincial Park shows areas of prime tick habitat. Owen Bjorgan says ... People with children wouldn't flock to the north if a black bear attack ...
2026,Bear Attack,An Excerpt from 'How to Survive a Bear Attack',Outside Magazine,https://www.outsideonline.com/culture/books-media/excerpt-how-survive-bear-attack/,This Excerpt from 'How to Survive a Bear Attack' Explores the Mystery of Two Missing Campers. A couple from Toronto went on a camping trip for a ...
2026,Bear Attack,Video: Woman recounts bear attack that killed Grand ...,MLive.com,https://www.mlive.com/news/grand-rapids/2010/07/woman_recounts_bear_attack_tha.html,"The bear attack was the most brazen in the Yellowstone area since the 1980s, officials said. In 2008 at the same campground, a grizzly bear bit ..."
2026,Bear Attack,To follow the bear - by Molly Wizenberg,Substack · I've Got a Feeling,https://mollywizenberg.substack.com/p/to-follow-the-bear,There were so many layers in the story of the bear attack. I knew what had happened that night at the couple's campsite. I'd answered that. Then ...
2026,Bear Attack,"B.C. man dragged from campsite, attacked and killed by bear",Cottage Life,https://cottagelife.com/general/b-c-man-attacked-and-killed-by-bear-after-being-dragged-from-campsite/,Last weekend a 27-year-old man was dragged from his campsite and killed by a black bear after falling asleep near the site's fire pit.
2026,Bear Attack,This Black Bear Killed 3 Boys While They Fished,Spotify - Web Player: Music for everyone,https://open.spotify.com/episode/7q62ovwtTMtGIKOqZrzuwP,Welcome back to Scary Bear Attacks! Today's episode takes us to the nearly impenetrable hardwood forests of the Algonquin Provincial Park in ...
2026,Bear Attack,Man killed in suspected bear attack in Arkansas,BBC,https://www.bbc.com/news/articles/cdjz4xjvvwdo,"The campground remains temporarily closed. The man had sent his family pictures of a bear in his camp site before the attack, officials said, ..."
2026,Bear Attack,View topic - Bear attack in Missinaibi PP,Canadian Canoe Routes,https://www.myccr.com/phpbbforum/viewtopic.php?f\u003d16\u0026t\u003d13960,"Jacqueline Perry, 31, and Marc Jordan, 30, were mauled Tuesday at a remote campsite in Missinaibi Lake Provincial Park, about 80 kilometres ..."
2026,Bear Attack,OPP dispatch 'aggressive' bear after it charged at residents,SNNewsWatch.com,https://www.snnewswatch.com/local-news/opp-dispatch-aggressive-bear-after-it-charged-at-residents-11229997,OPP dispatch 'aggressive' bear after it charged at residents ... Bear attack victim ...
2026,Falling Tree,Ottawa man camping with child dies after tree falls on tent ...,CBC,https://www.cbc.ca/news/canada/ottawa/ottawa-man-dies-mallorytown-tent-1.7569003,"... tree fell ... Emergency services responded to the campsite after receiving reports shortly after 6 a.m. Sunday, Ontario Provincial Police (OPP) ..."
2026,Falling Tree,Storm damages campsite at Silver Lake Provincial Park,Facebook · Ontario Storm Reports,https://www.facebook.com/groups/ontariostormreports/posts/1304014354571648/,"Last night's storm tore through our campsite at Silver Lake Provincial Park (Maberly, ON). A tree crushed our neighbour's tent (with them inside) ..."
2026,Falling Tree,Man dies from injuries after tree falls on him in ...,CTV News,https://www.ctvnews.ca/winnipeg/article/man-dies-from-injuries-after-tree-falls-on-him-in-northwestern-ontario/,A 63-year-old man died Tuesday after a tree fell on him while he slept in a tent in Quetico Provincial Park in Ontario. OPP responded to an ...
2026,Falling Tree,Manitoba man survives camping accident,YouTube · CTV News,https://www.google.com/goto?url=CAESYwHrOzAVxvuRGVm7ZSbWzP9MC0HPJUPf2shO48BsvXI4RYRYYm3PXD8FeDwFWbbo6dgApoWUuLH6CyZBKuvP4NK2_DnNXcpq7PbZ_NyQyUCjX5amnYQVqHAbuSZvTUuiRDOcTQ,A Manitoba man has survived a horrific camping disaster. A tree fell on Eric Lee Sheed's tent at an Ontario campground.
2026,Falling Tree,Man killed by falling tree during storms in Quetico ...,Duluth News Tribune,https://www.duluthnewstribune.com/news/man-killed-by-falling-tree-during-storms-in-quetico-provincial-park,A camper from West Virginia died from injuries suffered when a tree fell on him in Quetico Provincial Park amid severe storms on Tuesday morning ...
2026,Falling Tree,Social media reports that a tree fell and hit a child in the school's ...,Facebook,https://www.facebook.com/VanessaMurphyDotCom/videos/breaking-social-media-reports-that-a-tree-fell-and-hit-a-child-in-the-schools-fi/1750718232942635/,"BREAKING: Social media reports that a tree fell and hit a child in the school's field at lunch. ... Phillip Coffey School in Oshawa, Thursday June 18th, 2026 ..."
2026,Falling Tree,Kendall County Sheriff's Office,Facebook · Kendall County Sheriff's Office,https://www.facebook.com/kendallcountysheriffsoffice/posts/kendall-county-sheriffs-office-investigating-fatal-weather-related-incidentkenda/1441049628050426/,"... tree fell on the car she was seated in. The incident occurred at the Sebago Lake Family Campground, where her family was camping. At ..."
2026,Falling Tree,Woman and child hurt after tree falls near Cumberland ...,Global News,https://www.google.com/goto?url=CAESmAEB6zswFYh_KoybYCwFX1mAvD4YlcvM-uV4BHjgT_Iy-xgEeXdX3nvVrAvh24LGHJUG5TjTszCRlhxAJW9hkqXS_gnF1Iwy6fa7FT-Womm_6qM_kE4IAUo38ntBnGKIkX6U06YW6uNo2Uyox1XLDP37Y1qo08bwAs1DIvph-SeChkEQXkYZMXRIwXsXGqvxB_Xbss_37IYV-Q,"Woman and child hurt after tree falls near Cumberland campground. July 31, 2025. At least one person has been seriously hurt after a tree fell ..."
2026,Falling Tree,"Sudden storm traps, injures campers in Algonquin Park",CBC,https://www.google.com/goto?url=CAESZgHrOzAVO5pr8EXAkSRXK4c9FkgCZl1Y22DNN3L7R-XPosYn7jsYq7ZhtvVw1fSOW_gu22Vwp2hZjQowFx6s9cWUnYXlRPlaYE2JcDqLOleBl0Jf6tSfk0aDnnAU1PDgUQtXq9ZKCw,"The storm damage trapped several campers, including members of one family who were injured when a tree fell on their tent. Related Stories."
2026,Falling Tree,Fairbanks Provincial Park – Summer 2021 - Trums Travels,trumstravels.com,https://trumstravels.com/2022/03/24/fairbanks-provincial-park-summer-2021/,"Steps going to the beach from our site The drive to Fairbanks Provincial Park ... So horrible for them, we found out that a huge tree fell on ..."
2026,Falling Tree,Sad update from the Kendall County Sheriff regarding ...,Facebook · Firedog Media,https://www.facebook.com/NifgAlerts/posts/sad-update-from-the-kendall-county-sheriff-regarding-a-weather-related-incidentk/1403511458490867/,"... tree fell on the car she was seated in. The incident occurred at the Sebago Lake Family Campground, where her family was camping. At ..."
2026,Falling Tree,r/toronto,Reddit · r/toronto,https://www.reddit.com/r/toronto/,"Tree fell on car, Regal Heights · Picture."
2026,Falling Tree,"July 12, 2026 TO: The Honorable Josh Shapiro Governor, ...",Commonwealth of Pennsylvania (.gov),https://www.pa.gov/content/dam/copapwp-pagov/en/pema/documents/response/internal-operations/daily-incident-reports/daily%20report%20071226.pdf,"In Cumberland. County, a tree fell on a tarp at the Mountain Creek Campground in Dickinson Township where campers were sheltering from the ..."
2026,Falling Tree,"TOP 10 BEST Campgrounds in Plympton-Wyoming, ON",Yelp,https://www.yelp.ca/search?find_desc\u003dCampgrounds\u0026find_loc\u003dPlympton-Wyoming%2C+ON,"I would like to recognize Kyle, the new campground manager, for his outstanding response when a tree fell on our camper. As soon as the incident occurred ..."
2026,Falling Tree,"Fallen Trees | Insurance, Liability, and More",squareone.ca,https://www.squareone.ca/resource-centres/insurance-basics/fallen-trees,The tree fell due to an insured peril; The tree damaged an insured ... Site map · App Store Logo Play Store Logo. Insurance is sold by ...
2026,Falling Tree,How to Handle Tree Damage at Campgrounds,Marshall+Sterling,https://marshallsterling.com/how-to-handle-tree-damage-at-campgrounds-essential-strategies-for-risk-management/,"As camping season approaches, campground managers must prepare for the ... When the tree fell and caused damage to the camper's RV, our ..."
2026,Falling Tree,DEC Forest Rangers - Week in Review - NYSDEC,New York State Department of Environmental Conservation (.gov),https://dec.ny.gov/news/press-releases/2026/4/dec-forest-rangers-week-in-review-1,We have information for beginners up to the more advanced outdoor enthusiast. View All Outdoor Activities · Camping ... A tree fell on a powerline ...
2026,Falling Tree,Woman and child hurt after tree falls near Cumberland ...,Global News,https://www.google.com/goto?url=CAESmAEB6zswFdk_hVrK9Wa6RH1HU_GqCbvbPgjP_6g4m3E4qhIsj8u5ECwYvKG0SnBGwZzp6bN8RPSrA3ZjC5U0tWPJW2Ry2R-vC1jrAB7ULxs4rHhHmOs0YFBckq6V9ozPpeAOCoUX8dJAfFExyHqz1MjkOy0YeGpslDqPm6oqWqU7Itk7yGpkrXKNuMim-8ioTYL57cjD5yDvqA,"Woman and child hurt after tree falls near Cumberland campground. July 31, 2025. At least one person has been seriously hurt after a tree fell ..."
2026,Falling Tree,Dispatch: Child injured by fallen tree at Scouting camp,YouTube · WOOD TV8,https://www.google.com/goto?url=CAESYwHrOzAVp7U7j4qfSm5GO_j-WkKyRUtiD6dw6JMnRfsPVGkoZAioAf2pXIKiGbA5ylxgOGMzNf2bFJ1mUWJ3AfVWCPRTkPXiuWKXZD4sOVkHzCQv3j0AGkBTMwzXoJrJyjH6xg,"A 12-year-old was injured when a tree fell at a Scouting camp northeast of Whitehall Thursday, dispatchers said. (July 23, 2026)"
2026,Falling Tree,Dispatch: Child injured by fallen tree at Scouting camp,YouTube · WOOD TV8,https://www.google.com/goto?url=CAESYwHrOzAVK2BeUHlpuNw8RP1SaDCvYGxsgriteSeNmLyIZGTWKHI7qbUPdnOrNLENoeH0FOnz2NoHW_5Vcjvds0F_PvovgJgqnPRTbdTRdE8OMqMmQPbI1YcUz2IdoKIENWBWKA,"A 12-year-old was injured when a tree fell at a Scouting camp northeast of Whitehall Thursday, dispatchers said. (July 23, 2026)"
2026,Falling Tree,"At least four dead, thousands without power after storm",Vernon Matters,https://vernonmatters.ca/2022/05/22/at-least-four-dead-thousands-without-power-after-storm-2/,... OPP said one person was killed and two others were injured when a tree fell on a camping trailer near Pinehurst Lake in Waterloo Region.
2026,Falling Tree,13-year-old critically injured after tree falls on him during ...,WILX,https://www.wilx.com/2026/07/07/13-year-old-critically-injured-after-tree-falls-him-during-storm-delhi-twp-campground/,"Noah Garcia was camping with his mother at Cottonwood Campground in ... His aunt, Jovita Palacio, described the moments after the tree fell."
2026,Falling Tree,"Hudson-Mohawk NY, 071",Airstream Club International,https://airstreamclub.org/sites/default/files/2026-03/HMMarchNavigator2026.pdf,"... tree fell down on her back right side. Given the ... If you haven't done so already, you may call the campground in March 2026 [518-382- ... Henderson Harbor, Lake ..."
2026,Falling Tree,3 killed as high winds topple a tree on an Easter egg hunt ...,CityNews Ottawa,https://ottawa.citynews.ca/2026/04/05/3-killed-as-high-winds-topple-a-tree-on-an-easter-egg-hunt-in-germany/,"... tree fell on the group, police said in a statement. Four people ... Ontario Provincial Police (OPP) responded... 13h ago. New cycling ..."
2026,Falling Tree,A few years ago a tree fell from the woods right at my ...,Instagram · pfinphotos,https://www.instagram.com/p/DXHVd98gL9V/,... tree fell ... A group of Western Painted Turtles (Chrysemys picta belli) I saw basking on a log in Spruce Woods Provincial Park # ...
2026,Falling Tree,Tree falls on 9-year-old boy sleeping in tent while camping ...,WCJB,https://www.wcjb.com/2024/06/19/tree-falls-9-year-old-boy-sleeping-tent-while-camping-sheriff-says/,"A 9-year-old boy was injured after a tree fell on his tent while he was camping in Minnesota, officials said."
2026,Falling Tree,Ferocious derecho sweeps across eastern Canada killing ...,FOX Weather,https://www.foxweather.com/weather-news/deadly-storms-canada-ontario-quebec,Police said one person was killed and two others were injured when a tree fell onto a camping trailer at the Pinehurst Lake Conservation Area in ...
2026,Falling Tree,"At least 2 dead, thousands without power after Ontario ...",CGTN · CGTN,https://www.google.com/goto?url=CAEStwEB6zswFY3wiTZ4P98hikIbS6YrN9r7RjpSwSHyG_lAvtoKhYb_hncIMzs8xfK_IkPkoTGNgQgwvO4VjeBOFoLsH7kXzXl1R1ClrNVdc2uJpnIsvxXdORHIEAcX7mux0k6xbEw_uzagfW2wD7w9lAFpMIREFtUj3EKaEzN0buA3ZN3xLC85Wr7EzdAnVcyWu69U-HqQ9jTtR3znt0GpIna4yMtCW0rcDuQc6JuOS5BHa7k2avAUeXU,... tree fell on a camping trailer at Pinehurst Lake. The OPP also said three people had sustained non-life-threatening injuries when trees fell ...
2026,Falling Tree,Campers say they're 'lucky' to be safe after tree crushes ...,CBC,https://www.cbc.ca/news/canada/london/pinery-provincial-park-tree-falls-on-campsite-labour-day-1.6580119,Huang was part of a group of 10 friends camping at Pinery Provincial Park on Lake Huron over Labour Day weekend when a falling tree crushed a ...
